,index,F-score,p-value
0,131throw_185thcolumn,39.01094446776027,5.822705093165816e-10
1,152throw_184thcolumn,33.78663781519723,7.857024280746925e-09
2,131throw_189thcolumn,32.4689531788929,1.5195780959328484e-08
3,57throw_189thcolumn,30.669049748875743,3.749940211269667e-08
4,164throw_189thcolumn,29.588229809737786,6.459198271942132e-08
5,184throw_185thcolumn,29.57392893303868,6.505884079489231e-08
6,131throw_170thcolumn,28.84446029767608,9.396230203181727e-08
7,76throw_131thcolumn,27.75795943494844,1.6260667709471108e-07
8,87throw_172thcolumn,27.591101530553154,1.769133972601855e-07
9,131throw_191thcolumn,27.308837888637296,2.0405135018061194e-07
10,80throw_185thcolumn,27.270505538522645,2.0804583219136606e-07
11,76throw_184thcolumn,26.291016188989463,3.41599210396336e-07
12,42throw_184thcolumn,26.273622231076573,3.4462363089288015e-07
13,75throw_131thcolumn,26.163332234337812,3.644363461848136e-07
14,75throw_80thcolumn,25.90149530051047,4.1617719365070373e-07
15,63throw_131thcolumn,25.743844174211617,4.508251895473734e-07
16,131throw_194thcolumn,25.643936855343014,4.7426737735991297e-07
17,31throw_171thcolumn,25.28174258707448,5.699980426739672e-07
18,131throw_184thcolumn,25.239017630143007,5.825009524727822e-07
19,131throw_179thcolumn,25.23628447448688,5.833100846116319e-07
20,131throw_181thcolumn,25.197742887098073,5.948409747606638e-07
21,191throw_197thcolumn,23.464347419531823,1.4371199587791102e-06
22,172throw_188thcolumn,23.392599956940025,1.4906720263347306e-06
23,75throw_185thcolumn,23.336981801222915,1.53356095271917e-06
24,131throw_193thcolumn,23.259255283582235,1.5955832992120082e-06
25,180throw_195thcolumn,23.159354301881777,1.679015724457137e-06
26,82throw_172thcolumn,22.683633648740045,2.1405897368917443e-06
27,78throw_184thcolumn,22.394005714642205,2.4820486685297294e-06
28,152throw_186thcolumn,22.2305907472794,2.698342122540491e-06
29,24throw_145thcolumn,22.228300283617894,2.701504658875875e-06
30,34throw_131thcolumn,22.028813461051186,2.9917309780222444e-06
31,84throw_172thcolumn,21.992287602711347,3.0481708660218415e-06
32,114throw_159thcolumn,21.87957276139829,3.2291743515263786e-06
33,167throw_184thcolumn,21.52796550121001,3.866219702703267e-06
34,48throw_131thcolumn,21.459544481855982,4.00415719721961e-06
35,31throw_42thcolumn,21.212065864333848,4.545703390335992e-06
36,89throw_91thcolumn,21.13748280553679,4.722921003414905e-06
37,75throw_189thcolumn,20.969861279314628,5.146972622092374e-06
38,145throw_184thcolumn,20.92989693940477,5.25360251560012e-06
39,42throw_75thcolumn,20.92145538446436,5.276408191691857e-06
40,87throw_185thcolumn,20.71752056495093,5.858651179879333e-06
41,42throw_57thcolumn,20.716154746296073,5.862760880840965e-06
42,98throw_183thcolumn,20.526639709475457,6.4620431693831625e-06
43,83throw_192thcolumn,20.332539289256307,7.13975082595066e-06
44,79throw_184thcolumn,20.18894678875195,7.686710864204292e-06
45,63throw_75thcolumn,20.09401648164866,8.071256331588401e-06
46,91throw_190thcolumn,19.95838257571595,8.65449780435079e-06
47,70throw_91thcolumn,19.953506319769307,8.676237857326125e-06
48,75throw_159thcolumn,19.92342401409179,8.811574985197022e-06
49,141throw_184thcolumn,19.918078637931266,8.835844450069276e-06
50,158throw_191thcolumn,19.887320682974764,8.976805901989989e-06
51,62throw_70thcolumn,19.80539056143932,9.363419905424566e-06
52,35throw_131thcolumn,19.71244378645149,9.822336223292177e-06
53,131throw_172thcolumn,19.6564602783028,1.0109596952665413e-05
54,150throw_184thcolumn,19.655178785654094,1.011627049171343e-05
55,133throw_182thcolumn,19.605502580134946,1.037840913887985e-05
56,145throw_189thcolumn,19.604932275189565,1.038145793738332e-05
57,96throw_184thcolumn,19.6025162872882,1.0394383582761688e-05
58,133throw_171thcolumn,19.594391182669145,1.0437972121624383e-05
59,70throw_149thcolumn,19.507156427676552,1.0917701125905576e-05
60,78throw_80thcolumn,19.420497253401418,1.1416223548762989e-05
61,48throw_59thcolumn,19.258842140713096,1.2408191229388956e-05
62,78throw_158thcolumn,19.233909794041516,1.2568720296985765e-05
63,72throw_171thcolumn,19.1690155204006,1.2996411329608121e-05
64,65throw_69thcolumn,19.136951868340105,1.3213102703362298e-05
65,39throw_131thcolumn,19.13415119829269,1.3232201799842597e-05
66,131throw_167thcolumn,18.914445432218876,1.482037726090427e-05
67,149throw_189thcolumn,18.904152281921608,1.4899316463536534e-05
68,80throw_184thcolumn,18.820184212048165,1.5559280173044447e-05
69,139throw_197thcolumn,18.800555656646626,1.5717748823281417e-05
70,61throw_151thcolumn,18.799539062357603,1.57260002502628e-05
71,131throw_188thcolumn,18.67010382909955,1.6813001262715874e-05
72,24throw_144thcolumn,18.627308063394455,1.718878330583321e-05
73,40throw_131thcolumn,18.53101947246216,1.8065466178597922e-05
74,30throw_78thcolumn,18.458689603683812,1.8753483729257457e-05
75,172throw_190thcolumn,18.420832225644507,1.9124040663770103e-05
76,133throw_137thcolumn,18.387075995360497,1.946066394311463e-05
77,120throw_121thcolumn,18.29639625391648,2.0394757337420493e-05
78,78throw_131thcolumn,18.267417281926345,2.0702682299948693e-05
79,28throw_94thcolumn,18.2371405035213,2.102939604232173e-05
80,99throw_167thcolumn,18.02817043393909,2.3430402853624426e-05
81,42throw_56thcolumn,17.95838295992477,2.4292222347170627e-05
82,152throw_189thcolumn,17.939295509697853,2.4533444749552985e-05
83,60throw_75thcolumn,17.86764970061167,2.5460593061756344e-05
84,73throw_133thcolumn,17.85732084677079,2.559713352951149e-05
85,25throw_131thcolumn,17.82253452054934,2.6062429003025347e-05
86,42throw_58thcolumn,17.762951846974552,2.687926091855441e-05
87,76throw_80thcolumn,17.61251581732428,2.905815620687652e-05
88,96throw_189thcolumn,17.507524133333174,3.06833793170217e-05
89,135throw_171thcolumn,17.41415370615974,3.2205445126736246e-05
90,78throw_79thcolumn,17.38092951403518,3.276519025695441e-05
91,78throw_188thcolumn,17.373052225751874,3.289933297960765e-05
92,27throw_104thcolumn,17.21542023498595,3.5702994345934514e-05
93,131throw_146thcolumn,17.170588651520145,3.654345618207475e-05
94,16throw_19thcolumn,17.1441678615917,3.704806850900313e-05
95,30throw_76thcolumn,17.125879946558694,3.7401453351052604e-05
96,6throw_148thcolumn,17.09083521195795,3.8088147984653806e-05
97,22throw_148thcolumn,17.070678829241093,3.848884381430018e-05
98,75throw_172thcolumn,17.03361657801527,3.923672742652773e-05
99,81throw_172thcolumn,16.988389769893207,4.016921676960328e-05
100,91throw_196thcolumn,16.978523247790633,4.037559220308263e-05
101,12throw_69thcolumn,16.93169501631151,4.136973865298082e-05
102,97throw_189thcolumn,16.886420957621223,4.235432101292456e-05
103,156throw_157thcolumn,16.716678952121942,4.626051929217695e-05
104,47throw_48thcolumn,16.70100197206366,4.663910086056951e-05
105,74throw_131thcolumn,16.68496771293825,4.702953801906182e-05
106,57throw_65thcolumn,16.651807195340012,4.78474771759384e-05
107,91throw_199thcolumn,16.636763502804193,4.8223254835583695e-05
108,40throw_141thcolumn,16.337400688719438,5.6351301031943096e-05
109,158throw_184thcolumn,16.32120542772637,5.682844340049445e-05
110,42throw_145thcolumn,16.274008741285044,5.824228293684203e-05
111,41throw_86thcolumn,16.261221347067398,5.8631410395518345e-05
112,30throw_75thcolumn,16.256337617288764,5.8780715095128914e-05
113,0throw_132thcolumn,16.253032953579538,5.888196199573377e-05
114,99throw_124thcolumn,16.21176167715812,6.016130934182359e-05
115,171throw_172thcolumn,16.18892489512182,6.088121056128129e-05
116,57throw_63thcolumn,16.11720549791233,6.319898857752027e-05
117,84throw_170thcolumn,16.116846795709826,6.321080150891471e-05
118,182throw_194thcolumn,16.07087031963825,6.474348035313558e-05
119,28throw_75thcolumn,16.035549617299022,6.594632047619027e-05
120,180throw_182thcolumn,16.02116502131784,6.644261327975849e-05
121,30throw_167thcolumn,16.014962747304025,6.665776148739154e-05
122,164throw_173thcolumn,15.972569889609748,6.81472240416229e-05
123,144throw_159thcolumn,15.971508389080434,6.818494681777663e-05
124,99throw_154thcolumn,15.875090999478365,7.170058329632195e-05
125,67throw_197thcolumn,15.873903053787865,7.174501915612546e-05
126,146throw_184thcolumn,15.836986909881208,7.313980629961128e-05
127,67throw_196thcolumn,15.83015015880469,7.340109912558366e-05
128,61throw_75thcolumn,15.815051090301369,7.398150543244057e-05
129,75throw_158thcolumn,15.75614493101952,7.629040740594998e-05
130,62throw_65thcolumn,15.711760269297399,7.80779708799335e-05
131,32throw_171thcolumn,15.695134459007633,7.875837807682135e-05
132,133throw_136thcolumn,15.65355174238736,8.048641625093714e-05
133,52throw_53thcolumn,15.633133756084744,8.13488541779826e-05
134,96throw_131thcolumn,15.556622196162987,8.466429916250991e-05
135,76throw_158thcolumn,15.555031237612376,8.473466593229055e-05
136,148throw_152thcolumn,15.552056835165864,8.486637939706064e-05
137,74throw_189thcolumn,15.55035401121303,8.494187725256249e-05
138,46throw_75thcolumn,15.49370885638299,8.749229642600245e-05
139,131throw_139thcolumn,15.44229662288933,8.987386506556088e-05
140,79throw_185thcolumn,15.406343504107891,9.15780405739333e-05
141,73throw_180thcolumn,15.339234267788939,9.48466383017787e-05
142,131throw_140thcolumn,15.337513866132095,9.493195980683026e-05
143,91throw_197thcolumn,15.30904203823576,9.635527699287758e-05
144,92throw_173thcolumn,15.218404635278793,0.00010103110283384957
145,142throw_145thcolumn,15.180804055455155,0.00010303736047377955
146,59throw_75thcolumn,15.147806669749192,0.00010483106684894322
147,42throw_64thcolumn,15.115417546270358,0.00010662231934821811
148,131throw_158thcolumn,15.069417059886591,0.00010921949751425584
149,85throw_172thcolumn,15.01111516529461,0.00011260306405347729
150,28throw_165thcolumn,14.961936486766623,0.000115539208246289
151,30throw_140thcolumn,14.949507052185634,0.00011629343158393662
152,141throw_189thcolumn,14.867583135014828,0.00012139033730504815
153,131throw_159thcolumn,14.81637244849165,0.00012469022168728021
154,116throw_148thcolumn,14.805202187358063,0.00012542193688689125
155,131throw_136thcolumn,14.792298990074048,0.00012627255995299017
156,31throw_168thcolumn,14.769356317529793,0.00012779941194716472
157,88throw_172thcolumn,14.76335599076761,0.0001282018000935627
158,5throw_27thcolumn,14.74699859876471,0.00012930524379497357
159,94throw_183thcolumn,14.70493774748356,0.00013218677748636247
160,41throw_99thcolumn,14.686060336321896,0.00013350101213009842
161,74throw_188thcolumn,14.679240293400952,0.00013397905280339712
162,75throw_188thcolumn,14.660825017911616,0.00013527848451276583
163,131throw_190thcolumn,14.630681302779402,0.00013743299238674333
164,16throw_131thcolumn,14.61810408659734,0.00013834214272216388
165,77throw_131thcolumn,14.615628193181818,0.0001385218271076044
166,172throw_189thcolumn,14.564455366831972,0.0001422887800476754
167,183throw_196thcolumn,14.563033422542146,0.00014239491511353755
168,61throw_68thcolumn,14.508756769662586,0.0001465064179088427
169,12throw_148thcolumn,14.462284211139567,0.00015012178210160838
170,63throw_87thcolumn,14.462277807677799,0.0001501222864130303
171,56throw_94thcolumn,14.449732812707202,0.00015111356862180134
172,57throw_167thcolumn,14.44672583363901,0.00015135215371270112
173,42throw_59thcolumn,14.40301550745147,0.00015486350820513603
174,41throw_183thcolumn,14.389937510900271,0.0001559299791776764
175,141throw_195thcolumn,14.383470370839422,0.00015646008890606527
176,142throw_184thcolumn,14.230263462988198,0.0001695642094621402
177,42throw_131thcolumn,14.179194632852232,0.00017417391650755617
178,71throw_158thcolumn,14.17917416259685,0.00017417578936779215
179,59throw_135thcolumn,14.177856645129276,0.00017429637413633788
180,38throw_47thcolumn,14.175380553578846,0.00017452322440642565
181,183throw_197thcolumn,14.173534324824892,0.00017469256280486743
182,67throw_84thcolumn,14.126021870420612,0.00017910795070194598
183,69throw_181thcolumn,14.108763160740818,0.00018073955289129193
184,140throw_142thcolumn,14.093321444726987,0.00018221208665744016
185,50throw_51thcolumn,14.081257615427464,0.0001833709193851962
186,97throw_148thcolumn,14.050385511729807,0.0001863704207427245
187,21throw_131thcolumn,14.020651228028218,0.00018930616651590852
188,93throw_172thcolumn,14.018698945194686,0.0001895005449886122
189,131throw_198thcolumn,13.946737038578616,0.00019680769210020634
190,80throw_181thcolumn,13.943839231680858,0.00019710782379097608
191,27throw_100thcolumn,13.939376511542989,0.00019757094018376417
192,56throw_168thcolumn,13.925295074366646,0.00019903944376079637
193,42throw_68thcolumn,13.878766437806506,0.0002039705298740235
194,38throw_45thcolumn,13.843074265703066,0.00020783657457730209
195,0throw_27thcolumn,13.84277610019769,0.00020786918026960899
196,42throw_144thcolumn,13.813482975734427,0.00021109780469770445
197,21throw_159thcolumn,13.775191763201526,0.00021539461826293623
198,119throw_131thcolumn,13.762028873681366,0.00021689197604903978
199,170throw_186thcolumn,13.744067182073003,0.00021895218860353919
200,107throw_148thcolumn,13.698323231535815,0.00022428868139088564
201,146throw_158thcolumn,13.685602404180306,0.00022579588747941604
202,109throw_148thcolumn,13.675377690662224,0.0002270147525636235
203,99throw_199thcolumn,13.664204248244301,0.00022835430805240726
204,74throw_184thcolumn,13.639559107837776,0.00023133722341235459
205,24throw_167thcolumn,13.631077446170808,0.00023237286860370906
206,115throw_120thcolumn,13.619188787572226,0.0002338324032047306
207,38throw_42thcolumn,13.595458915065176,0.0002367733727915382
208,91throw_183thcolumn,13.594661727427187,0.00023687281806733412
209,137throw_148thcolumn,13.579944281259262,0.00023871633984902648
210,4throw_27thcolumn,13.568673201436336,0.0002401379526597086
211,86throw_197thcolumn,13.5634705875392,0.00024079703387725973
212,57throw_84thcolumn,13.555855195176688,0.00024176506609902343
213,112throw_131thcolumn,13.555421988965751,0.00024182025112666892
214,149throw_184thcolumn,13.535256570638532,0.00024440319233625117
215,75throw_146thcolumn,13.48676252657052,0.00025072927902548023
216,171throw_191thcolumn,13.458258219815958,0.0002545245570494548
217,50throw_69thcolumn,13.457494413284405,0.00025462704992259823
218,45throw_184thcolumn,13.411687090834032,0.00026085058470374205
219,172throw_197thcolumn,13.401208361069383,0.0002622957086613337
220,0throw_4thcolumn,13.391463909062935,0.00026364681991329506
221,133throw_175thcolumn,13.368756216915516,0.0002668226688843019
222,104throw_144thcolumn,13.330165646536079,0.0002723087122121144
223,34throw_90thcolumn,13.308957758334929,0.000275371973858898
224,12throw_159thcolumn,13.297909866479072,0.0002769814864640495
225,78throw_185thcolumn,13.277955573627839,0.0002799126370044657
226,24throw_126thcolumn,13.273213590114544,0.0002806137955312715
227,140throw_192thcolumn,13.255726646084348,0.00028321480978523095
228,32throw_42thcolumn,13.247853017457452,0.00028439387024456177
229,65throw_176thcolumn,13.226836008783986,0.00028756545445212094
230,145throw_159thcolumn,13.218882353389755,0.00028877499915495544
231,72throw_137thcolumn,13.185368792735469,0.00029392822674932125
232,97throw_180thcolumn,13.170995143963674,0.00029616675567468076
233,127throw_128thcolumn,13.156161028947071,0.00029849504974195526
234,48throw_75thcolumn,13.151238397217051,0.0002992717604447598
235,51throw_78thcolumn,13.146440606301553,0.0003000307370847341
236,81throw_170thcolumn,13.14604982823366,0.00030009264094798713
237,78throw_87thcolumn,13.122928836187453,0.0003037783285861889
238,98throw_172thcolumn,13.091428616064702,0.0003088734169520427
239,70throw_75thcolumn,13.08963998780845,0.0003091652991199342
240,30throw_127thcolumn,13.087897860202588,0.00030944986071382367
241,46throw_152thcolumn,13.069972147452955,0.00031239327877284086
242,35throw_90thcolumn,13.055921242470165,0.00031472020365329274
243,168throw_191thcolumn,13.055218692971406,0.00031483700898929395
244,37throw_85thcolumn,13.03288288539447,0.00031857345251146916
245,45throw_58thcolumn,13.006496450738581,0.00032304525259655554
246,145throw_164thcolumn,12.99271044224261,0.00032540677303330326
247,164throw_167thcolumn,12.983035445196675,0.00032707448800520505
248,71throw_73thcolumn,12.977023962804733,0.0003281150546522216
249,152throw_175thcolumn,12.958218966821814,0.00033139177184383255
250,78throw_172thcolumn,12.897527791091512,0.00034219421999295884
251,152throw_188thcolumn,12.8786996370486,0.0003456172095919679
252,42throw_63thcolumn,12.840350542256799,0.0003526964834170152
253,47throw_62thcolumn,12.838410295077324,0.0003530585224797005
254,152throw_172thcolumn,12.83715053483438,0.00035329378751903275
255,47throw_59thcolumn,12.833292812949416,0.00035401521721621404
256,46throw_139thcolumn,12.811573418114968,0.00035810480781329953
257,20throw_131thcolumn,12.763961723411967,0.0003672374808446212
258,125throw_165thcolumn,12.76064510285368,0.0003678823585536748
259,145throw_192thcolumn,12.703886479416155,0.00037909742595405404
260,31throw_175thcolumn,12.661389197339682,0.0003877201664041224
261,86throw_196thcolumn,12.655042339406002,0.0003890248489297583
262,105throw_132thcolumn,12.632228938707401,0.00039375118678676446
263,31throw_41thcolumn,12.623897683673134,0.0003954916295455976
264,31throw_94thcolumn,12.597282515122846,0.0004011039283591761
265,131throw_141thcolumn,12.575273430656864,0.0004058056908088129
266,16throw_27thcolumn,12.563520014317815,0.0004083393225103166
267,28throw_82thcolumn,12.548000681394843,0.0004117092594939154
268,97throw_146thcolumn,12.53989068359391,0.00041348146580564866
269,113throw_164thcolumn,12.534191421932434,0.0004147314850594474
270,96throw_170thcolumn,12.528422953171434,0.0004160005719168682
271,145throw_171thcolumn,12.51887520971594,0.0004181097432447259
272,20throw_171thcolumn,12.507885378121856,0.00042055086409757675
273,135throw_168thcolumn,12.496809164916051,0.00042302574531313185
274,41throw_48thcolumn,12.484397174483583,0.000425816585446023
275,104throw_141thcolumn,12.481091163672051,0.00042656307589276096
276,96throw_158thcolumn,12.468002629390172,0.0004295314443084227
277,89throw_90thcolumn,12.453582657782253,0.00043282594530991993
278,48throw_184thcolumn,12.453290977497751,0.00043289284772335217
279,30throw_63thcolumn,12.43405009751548,0.000437329269414815
280,57throw_85thcolumn,12.407970532829331,0.0004434159466476958
281,84throw_112thcolumn,12.387725180175504,0.00044819995498970156
282,78throw_170thcolumn,12.387282662046388,0.00044830510322402245
283,30throw_130thcolumn,12.378473598096035,0.0004504034502775965
284,57throw_98thcolumn,12.374078372039712,0.0004514541160287503
285,36throw_75thcolumn,12.356295726132894,0.00045573035040507735
286,75throw_87thcolumn,12.319943513374136,0.00046459987205776313
287,145throw_188thcolumn,12.290558604493174,0.00047189682924041415
288,143throw_150thcolumn,12.287181856576268,0.00047274274100695193
289,67throw_192thcolumn,12.282208084031055,0.000473991516846601
290,20throw_186thcolumn,12.269497124641862,0.00047719805465222466
291,83throw_185thcolumn,12.261289150789727,0.0004792802856901837
292,81throw_90thcolumn,12.26005694740432,0.00047959366772787175
293,63throw_88thcolumn,12.23561013049368,0.0004858541399935297
294,68throw_185thcolumn,12.21960029655563,0.0004899987236435378
295,29throw_131thcolumn,12.216772042980583,0.0004907346002664913
296,96throw_186thcolumn,12.199593578990918,0.0004952282855300249
297,48throw_99thcolumn,12.191120583963578,0.0004974600168820977
298,80throw_172thcolumn,12.185060712710865,0.0004990623803941929
299,67throw_98thcolumn,12.17860598536138,0.0005007748915899151
300,85throw_112thcolumn,12.177404964554803,0.0005010941906908095
301,66throw_86thcolumn,12.176026026249767,0.0005014610441019178
302,44throw_57thcolumn,12.141582095879173,0.000510713142377988
303,65throw_68thcolumn,12.122734933481293,0.0005158485958272331
304,74throw_190thcolumn,12.120850292473918,0.0005163649832630569
305,0throw_98thcolumn,12.11001042999466,0.0005193452449065925
306,118throw_197thcolumn,12.08903680770804,0.0005251611028639319
307,154throw_184thcolumn,12.07846715129605,0.0005281169122888776
308,14throw_16thcolumn,12.076552679814988,0.000528654091574247
309,41throw_131thcolumn,12.074651900741527,0.0005291879754227996
310,40throw_112thcolumn,12.064522325885594,0.0005320423399122705
311,79throw_172thcolumn,12.048355254499057,0.0005366302657349209
312,80throw_114thcolumn,12.043229994718015,0.0005380930571416724
313,85throw_190thcolumn,12.018535717619693,0.0005451977164572773
314,79throw_181thcolumn,12.017463585737419,0.0005455083132182903
315,130throw_173thcolumn,12.010268055484415,0.0005475974941461562
316,85throw_164thcolumn,12.004786855413027,0.0005491943560144107
317,76throw_189thcolumn,12.000758565436605,0.0005503709362273699
318,74throw_197thcolumn,11.976114165408292,0.000557624757014137
319,69throw_189thcolumn,11.975319611987723,0.0005578602273323296
320,185throw_189thcolumn,11.962353951029757,0.0005617169108080853
321,21throw_145thcolumn,11.959718962629147,0.0005625039881102124
322,54throw_150thcolumn,11.952919816505052,0.000564540064351609
323,12throw_80thcolumn,11.947141738864051,0.0005662762274969888
324,112throw_188thcolumn,11.946250702481178,0.00056654444099717
325,113throw_185thcolumn,11.945339062244791,0.0005668189894725511
326,131throw_145thcolumn,11.944885605422009,0.0005669556020808183
327,127throw_164thcolumn,11.940134385074451,0.0005683890023423563
328,61throw_67thcolumn,11.931673019435385,0.0005709508003839739
329,75throw_167thcolumn,11.931391337292238,0.0005710362841577793
330,172throw_196thcolumn,11.914227614056353,0.0005762695575852113
331,177throw_186thcolumn,11.91344092553045,0.0005765105804517444
332,8throw_77thcolumn,11.901856320530744,0.0005800716573641306
333,48throw_161thcolumn,11.88715609050986,0.0005846225111795763
334,83throw_186thcolumn,11.88523639773065,0.000585219463350693
335,40throw_145thcolumn,11.873244089676229,0.000588962598201394
336,93throw_183thcolumn,11.865475718044195,0.0005914002369334762
337,144throw_195thcolumn,11.858860914808673,0.000593483938682248
338,59throw_171thcolumn,11.83863967953965,0.0005998999014252848
339,86throw_89thcolumn,11.81962560650078,0.000605996829080463
340,17throw_33thcolumn,11.80455910098018,0.0006108724310970828
341,45throw_59thcolumn,11.79635306367631,0.0006135446179764842
342,69throw_169thcolumn,11.780525947788782,0.0006187319454300864
343,30throw_84thcolumn,11.775562829362796,0.0006203677230110462
344,97throw_149thcolumn,11.763255265281433,0.000624443029506859
345,41throw_184thcolumn,11.757909048243123,0.0006262217056612672
346,41throw_74thcolumn,11.750358112940287,0.0006287426210407066
347,152throw_179thcolumn,11.743972716747084,0.0006308824243979457
348,36throw_131thcolumn,11.719239080425277,0.0006392406456139265
349,30throw_83thcolumn,11.701232853793934,0.0006453958534017854
350,85throw_192thcolumn,11.699107712515467,0.0006461262511812046
351,131throw_197thcolumn,11.691931337167821,0.0006485989113220532
352,28throw_134thcolumn,11.679113150455526,0.000653039331554388
353,131throw_165thcolumn,11.677417869867044,0.0006536289011977077
354,94throw_191thcolumn,11.672416262363923,0.0006553714553236229
355,39throw_75thcolumn,11.666021044452767,0.0006576063893519988
356,66throw_184thcolumn,11.651268306864687,0.0006627914740888817
357,38throw_67thcolumn,11.646690019975459,0.0006644089798904242
358,61throw_71thcolumn,11.642436110714117,0.0006659154620014232
359,184throw_196thcolumn,11.639830795481561,0.000666839815710595
360,30throw_151thcolumn,11.609955454814184,0.0006775326913197971
361,152throw_158thcolumn,11.606347675025837,0.0006788356593253713
362,0throw_163thcolumn,11.606244938341495,0.0006788728002989167
363,159throw_185thcolumn,11.601259632983721,0.0006806775412503248
364,37throw_131thcolumn,11.591009937067957,0.0006844033185470301
365,60throw_88thcolumn,11.580609735894381,0.0006882048948245586
366,84throw_192thcolumn,11.580438656341544,0.0006882676076567483
367,97throw_114thcolumn,11.577487553864398,0.0006893503072468682
368,131throw_137thcolumn,11.54311745785327,0.0007020876248852929
369,70throw_74thcolumn,11.537910997932936,0.0007040377636595883
370,3throw_62thcolumn,11.50771710250904,0.0007154557781723213
371,87throw_170thcolumn,11.487133041095301,0.0007233470071078516
372,47throw_68thcolumn,11.475185554932027,0.0007279676009560864
373,127throw_171thcolumn,11.470581800920854,0.0007297560267457093
374,83throw_131thcolumn,11.469695641430485,0.0007301007840781087
375,29throw_75thcolumn,11.468721400686778,0.0007304799993150997
376,70throw_96thcolumn,11.464205869107001,0.0007322402373240186
377,80throw_179thcolumn,11.457223008895278,0.0007349707402716772
378,67throw_189thcolumn,11.456812383375025,0.0007351316272527421
379,76throw_159thcolumn,11.451392617578795,0.000737258485341159
380,75throw_170thcolumn,11.450669892705042,0.0007375425716368195
381,98throw_191thcolumn,11.448491696127508,0.0007383994400895771
382,43throw_97thcolumn,11.4342656265606,0.0007440205817673463
383,120throw_152thcolumn,11.418951224202788,0.0007501201666026965
384,43throw_116thcolumn,11.402889745420145,0.0007565716824456739
385,122throw_139thcolumn,11.402720873097838,0.0007566398119151757
386,129throw_169thcolumn,11.35533631702896,0.000776003932353178
387,98throw_192thcolumn,11.34088156395208,0.0007820102567740237
388,44throw_131thcolumn,11.339722595744973,0.0007824938707569108
389,7throw_178thcolumn,11.316148535912712,0.0007923968131720483
390,17throw_38thcolumn,11.305850134988622,0.0007967626627075572
391,41throw_44thcolumn,11.30245660482054,0.0007982066244646941
392,61throw_135thcolumn,11.295819681128124,0.0008010383242058185
393,68throw_189thcolumn,11.293236153059595,0.0008021433556666154
394,63throw_112thcolumn,11.288469983295917,0.0008041860010602228
395,54throw_80thcolumn,11.287142587398897,0.0008047558220799875
396,46throw_148thcolumn,11.27990961078455,0.0008078679632641578
397,189throw_194thcolumn,11.278888988087523,0.0008083080874104871
398,30throw_145thcolumn,11.271952932098683,0.0008113055656618512
399,27throw_103thcolumn,11.261108619450894,0.0008160145949177963
400,32throw_168thcolumn,11.248910920730511,0.0008213443879673206
401,0throw_104thcolumn,11.236860495253335,0.00082664443199217
402,28throw_168thcolumn,11.235033937916501,0.0008274508082816569
403,63throw_68thcolumn,11.234525566496005,0.000827675382296646
404,38throw_75thcolumn,11.229393144299934,0.0008299460977918236
405,48throw_58thcolumn,11.201372570412332,0.0008424547807801946
406,59throw_130thcolumn,11.187391600307821,0.0008487672297043756
407,35throw_75thcolumn,11.176557959792792,0.000853691559529883
408,46throw_120thcolumn,11.15845159997535,0.0008619862872126959
409,50throw_70thcolumn,11.158307731920045,0.0008620525204711073
410,27throw_105thcolumn,11.121742734086173,0.0008790543038377889
411,8throw_148thcolumn,11.112017460903429,0.0008836331909743506
412,59throw_154thcolumn,11.096711365357939,0.0008908886212097022
413,70throw_97thcolumn,11.083494754010221,0.0008972021016364884
414,184throw_194thcolumn,11.074698753117127,0.0009014289760187678
415,44throw_59thcolumn,11.072253095947437,0.0009026078026785143
416,115throw_139thcolumn,11.067395259842556,0.0009049539505285455
417,138throw_152thcolumn,11.056299840006812,0.0009103357951730169
418,84throw_183thcolumn,11.04592097891693,0.000915399405339175
419,94throw_172thcolumn,11.044294321096716,0.0009161955957655108
420,71throw_160thcolumn,11.038175405287852,0.0009191968695642836
421,8throw_73thcolumn,11.009041962473061,0.000933623679175133
422,49throw_61thcolumn,10.992048899233192,0.0009421442565521784
423,83throw_189thcolumn,10.986354161991859,0.0009450172646519411
424,94throw_192thcolumn,10.944774551404931,0.0009662649258768603
425,82throw_84thcolumn,10.941259251336087,0.0009680833159846603
426,138throw_151thcolumn,10.927373529479834,0.0009753000505893436
427,80throw_140thcolumn,10.927102798080305,0.0009754412962132388
428,36throw_199thcolumn,10.91639539628211,0.0009810441908099249
429,31throw_47thcolumn,10.911359959240675,0.0009836903561797942
430,57throw_145thcolumn,10.900494903138839,0.0009894246890114798
431,59throw_131thcolumn,10.89424593257335,0.000992738078543678
432,103throw_113thcolumn,10.879590562841503,0.0010005529422102
433,76throw_186thcolumn,10.875392519862208,0.001002802975660457
434,31throw_91thcolumn,10.873482799989853,0.0010038282272260546
435,74throw_186thcolumn,10.864266564431903,0.0010087909968818035
436,84throw_190thcolumn,10.862981600700238,0.001009484896813583
437,164throw_198thcolumn,10.830320028890638,0.001027285893304326
438,27throw_188thcolumn,10.824723135100223,0.0010303680337464234
439,44throw_68thcolumn,10.821085935608416,0.001032376014354838
440,30throw_74thcolumn,10.805716805863694,0.001040904671000798
441,146throw_185thcolumn,10.798088121187977,0.0010451644591812162
442,138throw_182thcolumn,10.79696383083383,0.0010457937439693789
443,113throw_181thcolumn,10.782823323065532,0.0010537412789042631
444,51throw_185thcolumn,10.782319398548779,0.001054025631058402
445,138throw_199thcolumn,10.778029454145825,0.0010564494902890187
446,133throw_180thcolumn,10.77305537912483,0.0010592669596219614
447,137throw_197thcolumn,10.770709075014954,0.001060598619386126
448,87throw_181thcolumn,10.768155014170757,0.001062050120637943
449,69throw_114thcolumn,10.747151408434693,0.0010740632821561247
450,23throw_34thcolumn,10.71606093296633,0.001092098899221231
451,62throw_91thcolumn,10.712337581744869,0.001094279292198038
452,27throw_101thcolumn,10.704129432888122,0.0010991015716597028
453,51throw_76thcolumn,10.692661653460513,0.0011058749563280495
454,71throw_170thcolumn,10.68797352718328,0.0011086561377824636
455,158throw_172thcolumn,10.676228922810568,0.0011156546547233166
456,108throw_178thcolumn,10.654095470077708,0.0011289657089255118
457,16throw_98thcolumn,10.65388025667525,0.0011290959250799583
458,57throw_158thcolumn,10.635194524850595,0.001140460055127128
459,133throw_168thcolumn,10.629915973441227,0.0011436912639722302
460,68throw_70thcolumn,10.629352958019041,0.0011440364548528964
461,6throw_75thcolumn,10.61847087123943,0.0011507291589905788
462,43throw_75thcolumn,10.613957490061788,0.0011535166064914676
463,116throw_131thcolumn,10.606758168212277,0.00115797704901083
464,131throw_183thcolumn,10.60540500666723,0.0011588173686966996
465,140throw_184thcolumn,10.604949717351817,0.0011591002444087382
466,30throw_85thcolumn,10.600181704181063,0.0011620668643134871
467,38throw_46thcolumn,10.58219343790568,0.001173328458647552
468,51throw_189thcolumn,10.578906460842873,0.0011753981975360169
469,113throw_188thcolumn,10.572358049991163,0.0011795326254229227
470,151throw_184thcolumn,10.568801291704917,0.0011817844057198962
471,63throw_136thcolumn,10.565755905362547,0.001183715898402051
472,43throw_152thcolumn,10.560992081973584,0.001186743703265468
473,62throw_94thcolumn,10.55500491056448,0.0011905601803762263
474,67throw_188thcolumn,10.550215592134562,0.0011936220475881238
475,131throw_178thcolumn,10.540224781351437,0.0012000350012444593
476,74throw_87thcolumn,10.532465674466206,0.0012050395374759498
477,114throw_144thcolumn,10.52819404784875,0.0012078037103038888
478,87throw_184thcolumn,10.515249541803286,0.0012162194137892894
479,47throw_64thcolumn,10.51116553059491,0.001218886894444152
480,75throw_76thcolumn,10.508643363077423,0.0012205372143271986
481,39throw_40thcolumn,10.504763499097798,0.0012230803327234932
482,130throw_164thcolumn,10.50313094824431,0.0012241520186979606
483,67throw_82thcolumn,10.501976807091452,0.0012249102273952511
484,79throw_170thcolumn,10.49632787630152,0.001228628142636285
485,76throw_79thcolumn,10.49100342574233,0.0012321429673775865
486,38throw_131thcolumn,10.476889670414998,0.0012415092591833285
487,79throw_169thcolumn,10.470073351603732,0.0012460585724881213
488,181throw_184thcolumn,10.46504192435789,0.0012494274581236777
489,76throw_170thcolumn,10.421925957353416,0.0012786777521363432
490,125throw_148thcolumn,10.420199040379536,0.0012798636609961016
491,151throw_198thcolumn,10.417901088451313,0.001281443440115602
492,37throw_75thcolumn,10.41250961114486,0.0012851576968327585
493,141throw_142thcolumn,10.398763616436629,0.0012946769436284304
494,131throw_196thcolumn,10.398060163775517,0.001295166010038611
495,131throw_154thcolumn,10.395376911711681,0.0012970332266822302
496,157throw_177thcolumn,10.392590303912376,0.0012989752548869704
497,174throw_184thcolumn,10.39253952048069,0.0012990106739463236
498,49throw_59thcolumn,10.387187881950862,0.0013027486834917812
499,12throw_138thcolumn,10.387176042102547,0.0013027569654594404
500,175throw_183thcolumn,10.372468802284864,0.001313085993991524
501,82throw_192thcolumn,10.37039182007063,0.0013145513525147103
502,170throw_171thcolumn,10.368183722384074,0.0013161110340952902
503,0throw_172thcolumn,10.36578683731241,0.0013178061884251498
504,26throw_133thcolumn,10.358692312356276,0.0013228366477140057
505,172throw_173thcolumn,10.354042300893463,0.0013261443518175796
506,30throw_87thcolumn,10.353892517260968,0.0013262510370567328
507,70throw_79thcolumn,10.3495969343255,0.0013293143245539098
508,81throw_173thcolumn,10.340750365585167,0.001335645650706909
509,37throw_65thcolumn,10.336889516742028,0.0013384183631203652
510,53throw_154thcolumn,10.330972386952965,0.0013426791465129945
511,94throw_170thcolumn,10.303768984422414,0.0013624453042610566
512,0throw_6thcolumn,10.298698358856743,0.0013661621451216519
513,150throw_189thcolumn,10.296232230146368,0.00136797356683764
514,75throw_99thcolumn,10.295927265206476,0.0013681977389110702
515,98throw_190thcolumn,10.292849915053765,0.0013704619070050838
516,159throw_184thcolumn,10.28800365562115,0.0013740352591910805
517,57throw_146thcolumn,10.27616919296978,0.0013828010626120368
518,46throw_144thcolumn,10.27311285494246,0.001385074094958511
519,77throw_107thcolumn,10.2718391724719,0.001386022464674814
520,125throw_135thcolumn,10.263419184939185,0.0013923084780541762
521,68throw_181thcolumn,10.258188983165521,0.0013962276765187424
522,142throw_167thcolumn,10.253796908431655,0.0013995274728561184
523,35throw_88thcolumn,10.24864755496405,0.0014034062898434126
524,182throw_186thcolumn,10.2470201695532,0.001404634404349634
525,38throw_68thcolumn,10.239077518640409,0.0014106440221453799
526,30throw_189thcolumn,10.236630864287159,0.0014125004723535505
527,0throw_81thcolumn,10.22364402192735,0.0014223960666385257
528,16throw_85thcolumn,10.223535272785245,0.001422479226422407
529,120throw_124thcolumn,10.219458056096926,0.0014256006083301941
530,77throw_99thcolumn,10.21115890340586,0.001431975638775166
531,57throw_197thcolumn,10.205879432959723,0.0014360461239278156
532,164throw_188thcolumn,10.203374714636817,0.0014379813699244028
533,68throw_80thcolumn,10.201719385418414,0.001439261795026724
534,59throw_71thcolumn,10.194764374244635,0.001444654260119825
535,99throw_141thcolumn,10.187272928926303,0.0014504855645803589
536,184throw_188thcolumn,10.18615889272215,0.0014513547613557696
537,40throw_167thcolumn,10.18598632738076,0.0014514894480592887
538,145throw_185thcolumn,10.178705872598393,0.0014571833832507136
539,114throw_176thcolumn,10.158253173493085,0.0014733006362838003
540,39throw_197thcolumn,10.145617244636297,0.0014833483058605216
541,39throw_184thcolumn,10.139972059346865,0.0014878596011420138
542,47throw_61thcolumn,10.136233496489988,0.0014908548941660485
543,132throw_141thcolumn,10.118377758271413,0.0015052452831360629
544,151throw_172thcolumn,10.103666997185721,0.0015172068530726153
545,157throw_176thcolumn,10.068738951591792,0.0015459951402349561
546,32throw_93thcolumn,10.048345815392903,0.0015630590784581687
547,78throw_159thcolumn,10.040748548463512,0.0015694648213639987
548,60throw_68thcolumn,10.03884493505592,0.0015710740479683999
549,140throw_189thcolumn,10.035306031301412,0.001574070122785462
550,99throw_142thcolumn,10.033983547581478,0.001575191239128825
551,9throw_178thcolumn,10.030460969322402,0.0015781814074878435
552,137throw_138thcolumn,10.019477487100186,0.0015875418421388125
553,76throw_182thcolumn,10.01519817068545,0.001591204025283966
554,121throw_135thcolumn,10.00276496938698,0.0016018928937723191
555,73throw_194thcolumn,10.001155430469527,0.0016032819352839868
556,30throw_82thcolumn,10.000902149307194,0.0016035006296545
557,71throw_195thcolumn,9.990848273312029,0.0016122060862986038
558,112throw_189thcolumn,9.989942498475626,0.00161299272982265
559,98throw_118thcolumn,9.980915943458157,0.0016208533826909805
560,12throw_36thcolumn,9.97867235443627,0.0016228132049483375
561,163throw_180thcolumn,9.929663073099771,0.001666228930483596
562,17throw_133thcolumn,9.928633600923058,0.0016671534364221393
563,79throw_131thcolumn,9.928236757666037,0.0016675099560273076
564,118throw_195thcolumn,9.926968024799706,0.0016686502907272925
565,61throw_165thcolumn,9.91319031278375,0.0016810847416968877
566,95throw_131thcolumn,9.908152074107896,0.0016856552171024364
567,36throw_80thcolumn,9.90753484039433,0.001686216011492548
568,81throw_185thcolumn,9.90389960606509,0.0016895226859872847
569,30throw_93thcolumn,9.90101604090058,0.0016921503077378577
570,142throw_149thcolumn,9.900669571086432,0.001692466304035028
571,38throw_80thcolumn,9.900478617633837,0.0016926404879001487
572,45throw_69thcolumn,9.900429934573923,0.001692684898509434
573,100throw_172thcolumn,9.8951270701533,0.0016975294663330947
574,122throw_168thcolumn,9.893409534652118,0.0016991015794847507
575,76throw_99thcolumn,9.88349279663389,0.0017082076104977483
576,4throw_104thcolumn,9.872834497555985,0.0017180498051990272
577,17throw_144thcolumn,9.87020635378412,0.0017204855441190876
578,30throw_168thcolumn,9.868997268730807,0.0017216072893760763
579,118throw_188thcolumn,9.866292079109856,0.00172411975482708
580,160throw_180thcolumn,9.862606788425454,0.001727548484883815
581,114throw_148thcolumn,9.847990484861851,0.0017412155223251403
582,114throw_184thcolumn,9.843936241569935,0.001745025862664925
583,88throw_181thcolumn,9.84387094919624,0.0017450872962405733
584,28throw_67thcolumn,9.84359056067478,0.0017453511386710141
585,125throw_136thcolumn,9.842474389610755,0.0017464018444231528
586,56throw_151thcolumn,9.822877499008303,0.001764954276032216
587,38throw_91thcolumn,9.809880584680393,0.0017773686890852447
588,168throw_177thcolumn,9.808078506617495,0.001779096982784553
589,110throw_173thcolumn,9.804300118798093,0.0017827262073192916
590,140throw_149thcolumn,9.803345064091557,0.001783644747409366
591,55throw_183thcolumn,9.800338353088394,0.0017865396404340929
592,164throw_184thcolumn,9.796895806142734,0.0017898600170056945
593,45throw_131thcolumn,9.790904491275885,0.0017956536528150066
594,152throw_183thcolumn,9.788642367232553,0.001797846086475582
595,41throw_61thcolumn,9.786182937339648,0.0018002328303379704
596,158throw_164thcolumn,9.775449502123234,0.0018106867510148633
597,159throw_179thcolumn,9.765807795540898,0.001820129900069707
598,148throw_195thcolumn,9.763383415313731,0.0018225122083403219
599,119throw_159thcolumn,9.758202899129989,0.0018276134361221736
600,149throw_192thcolumn,9.75366425927199,0.0018320945211045018
601,57throw_61thcolumn,9.749804271633602,0.001835914334598898
602,22throw_182thcolumn,9.733825694713905,0.0018518127988439081
603,23throw_131thcolumn,9.727762545646819,0.0018578820615123605
604,29throw_98thcolumn,9.727726158840344,0.00185791854589528
605,74throw_199thcolumn,9.724562374319065,0.001861093596915172
606,74throw_84thcolumn,9.724242016834092,0.0018614154021550375
607,24throw_146thcolumn,9.720344869488002,0.0018653346874399077
608,80throw_143thcolumn,9.717498028774612,0.0018682029935263912
609,0throw_75thcolumn,9.707297070202822,0.0018785176836245284
610,184throw_189thcolumn,9.698276926070974,0.0018876865479619655
611,74throw_196thcolumn,9.697945640628754,0.0018880241590650123
612,24throw_78thcolumn,9.694060805400778,0.0018919877493883016
613,57throw_198thcolumn,9.68895671412164,0.0018972081560854925
614,71throw_171thcolumn,9.680304712359826,0.001906090751017182
615,24throw_41thcolumn,9.664408955113819,0.001922520356443246
616,67throw_190thcolumn,9.661457408186344,0.001925586819303511
617,81throw_152thcolumn,9.661046073728281,0.0019260145627652853
618,172throw_186thcolumn,9.659140855059524,0.0019279970431638888
619,123throw_182thcolumn,9.646485617028816,0.0019412181751996796
620,51throw_75thcolumn,9.642895376354094,0.0019449856920879624
621,85throw_185thcolumn,9.640503404114895,0.0019474998931522573
622,59throw_91thcolumn,9.635039809475005,0.0019532550587407693
623,124throw_196thcolumn,9.634380065764162,0.0019539511778750808
624,115throw_194thcolumn,9.62986972477577,0.0019587169517631653
625,57throw_154thcolumn,9.6278589566958,0.0019608453970064205
626,50throw_148thcolumn,9.626360504319926,0.0019624330709701668
627,6throw_77thcolumn,9.621573239908667,0.0019675141324498975
628,68throw_159thcolumn,9.614760659742831,0.001974767843253079
629,140throw_178thcolumn,9.59647178290698,0.001994375554957812
630,84throw_181thcolumn,9.594641966679252,0.001996348168480706
631,127throw_195thcolumn,9.587390721042548,0.002004184796281021
632,94throw_190thcolumn,9.586664573342699,0.002004971283457103
633,146throw_189thcolumn,9.585754687016177,0.002005957219468358
634,169throw_176thcolumn,9.581234737176281,0.0020108622556197693
635,97throw_141thcolumn,9.577144505827004,0.0020153114592676457
636,112throw_185thcolumn,9.574458773455229,0.0020182383359720266
637,37throw_52thcolumn,9.570003371139258,0.002023103299253289
638,138throw_171thcolumn,9.553439805810633,0.0020412941289101177
639,53throw_152thcolumn,9.543054012774077,0.0020527848988245753
640,46throw_68thcolumn,9.541066653771052,0.0020549911753682906
641,179throw_183thcolumn,9.539731987951196,0.002056474212792547
642,40throw_184thcolumn,9.538484084394184,0.0020578618259945503
643,18throw_152thcolumn,9.53229369604107,0.0020647593327155875
644,71throw_196thcolumn,9.517577061431233,0.002081251434571182
645,191throw_195thcolumn,9.515978334276001,0.0020830510751215217
646,136throw_148thcolumn,9.513678336539343,0.0020856428881664557
647,112throw_115thcolumn,9.512995859289038,0.002086412585549727
648,146throw_188thcolumn,9.50839266946444,0.002091611600243253
649,93throw_190thcolumn,9.501026508777947,0.0020999586060235615
650,170throw_184thcolumn,9.495054967258795,0.002106750115738844
651,71throw_84thcolumn,9.491427248132979,0.0021108868548238508
652,3throw_27thcolumn,9.490042353415488,0.002112468244716194
653,85throw_181thcolumn,9.489063956848621,0.0021135861859078093
654,152throw_178thcolumn,9.487804583949721,0.0021150260624703855
655,131throw_176thcolumn,9.487107141849389,0.002115823896298045
656,116throw_197thcolumn,9.483981248813299,0.0021194034957795816
657,50throw_184thcolumn,9.473547844355046,0.002131395841151664
658,52throw_161thcolumn,9.47268768088397,0.002132387598769377
659,78throw_189thcolumn,9.458918814820112,0.0021483268829158818
660,34throw_75thcolumn,9.454556172030411,0.002153402424233729
661,57throw_196thcolumn,9.446148360815966,0.0021632185372751343
662,103throw_149thcolumn,9.438847236933604,0.0021717794593633525
663,78throw_186thcolumn,9.437575894203482,0.002173273684650857
664,76throw_172thcolumn,9.434839192571713,0.0021764937092784743
665,27throw_84thcolumn,9.429893832090823,0.0021823247557708316
666,24throw_40thcolumn,9.426101428499598,0.0021868071059490735
667,107throw_122thcolumn,9.419822386969399,0.0021942490549063795
668,84throw_196thcolumn,9.416678426965253,0.002197984951190105
669,157throw_168thcolumn,9.39996706738502,0.0022179514078735163
670,118throw_189thcolumn,9.388624625215233,0.002231608048209064
671,56throw_171thcolumn,9.379439506089673,0.0022427297859586226
672,75throw_130thcolumn,9.368309125964553,0.002256282423886347
673,100throw_144thcolumn,9.368052499478486,0.002256595878310877
674,144throw_164thcolumn,9.361610726821551,0.0022644786415250105
675,66throw_70thcolumn,9.360834430427076,0.0022654304782348095
676,127throw_167thcolumn,9.34343989351583,0.002286865289032696
677,37throw_197thcolumn,9.338177626997986,0.0022933903472094077
678,129throw_133thcolumn,9.324956048456484,0.00230986832007545
679,16throw_122thcolumn,9.324736296101324,0.00231014321004801
680,60throw_91thcolumn,9.324647618916552,0.002310254146457611
681,48throw_198thcolumn,9.308916566808747,0.002330019816168244
682,21throw_99thcolumn,9.307771827801394,0.0023314648413206907
683,30throw_96thcolumn,9.304546305970177,0.002335541376621617
684,0throw_195thcolumn,9.299215036767999,0.0023422951192874305
685,63throw_94thcolumn,9.298621277385525,0.002343048530917108
686,86throw_192thcolumn,9.296144438643989,0.0023461940083448333
687,84throw_184thcolumn,9.280131508724939,0.0023666335395790723
688,36throw_197thcolumn,9.27398080019238,0.0023745325619257476
689,69throw_175thcolumn,9.269298307101847,0.0023805639920217447
690,59throw_67thcolumn,9.239454328032645,0.002419373015678437
691,34throw_130thcolumn,9.236928426415217,0.002422687060168255
692,40throw_114thcolumn,9.236229549186955,0.0024236048186901597
693,24throw_84thcolumn,9.228254757871765,0.002434102287041607
694,139throw_196thcolumn,9.225605372043674,0.0024375999732416036
695,158throw_185thcolumn,9.201100783623833,0.0024701937341512084
696,40throw_69thcolumn,9.198907869346794,0.002473132056035125
697,81throw_96thcolumn,9.180150666790754,0.0024984107403508778
698,144throw_196thcolumn,9.174440815953743,0.0025061578071345985
699,185throw_188thcolumn,9.164793564844171,0.002519302620592013
700,30throw_185thcolumn,9.161755054011858,0.002523457223705307
701,46throw_131thcolumn,9.1598979069284,0.002525999958233422
702,0throw_140thcolumn,9.156722453278146,0.0025303537027761827
703,31throw_46thcolumn,9.152698913088727,0.002535881184320083
704,46throw_184thcolumn,9.150120630022002,0.00253942964343264
705,95throw_189thcolumn,9.145905807016046,0.0025452413255092196
706,128throw_165thcolumn,9.13643871543061,0.0025583445298319974
707,47throw_120thcolumn,9.13098691010473,0.002565921353914931
708,24throw_197thcolumn,9.127120854671379,0.0025713081505588887
709,100throw_123thcolumn,9.12407396739027,0.0025755616527057047
710,33throw_42thcolumn,9.123108471140501,0.0025769109923933753
711,4throw_141thcolumn,9.108170988193493,0.002597878840459593
712,119throw_144thcolumn,9.106643993868222,0.0026000320412781536
713,38throw_94thcolumn,9.106611183529543,0.0026000783267436404
714,52throw_152thcolumn,9.090196514695952,0.0026233398232639576
715,45throw_68thcolumn,9.089835314915462,0.002623854057640584
716,47throw_81thcolumn,9.072383212001384,0.0026488228314638504
717,51throw_181thcolumn,9.042684962847776,0.0026918688944138356
718,12throw_92thcolumn,9.034277351734074,0.002704183993158254
719,65throw_138thcolumn,9.03367999112985,0.0027050611574114397
720,37throw_46thcolumn,9.027842480259437,0.0027136482006019065
721,27throw_132thcolumn,9.022641660487157,0.0027213220106609695
722,61throw_91thcolumn,9.020793051348123,0.002724054946107409
723,17throw_68thcolumn,9.019211382988393,0.0027263954586610214
724,34throw_98thcolumn,9.012490862557664,0.0027363631395367293
725,164throw_197thcolumn,9.003238464536773,0.0027501466881681563
726,12throw_75thcolumn,8.999231261094105,0.002756138219191874
727,95throw_186thcolumn,8.9974260911332,0.0027588416265994613
728,24throw_96thcolumn,8.992969034144572,0.0027655280321023214
729,186throw_194thcolumn,8.98079140201865,0.0027838808702155575
730,81throw_164thcolumn,8.979119644454647,0.0027864100172718953
731,50throw_173thcolumn,8.972404826289177,0.002796592209921192
732,62throw_169thcolumn,8.968540488742816,0.0028024691471834296
733,158throw_181thcolumn,8.964277341286472,0.002808967172997816
734,88throw_131thcolumn,8.963953075345596,0.0028094620561703617
735,31throw_93thcolumn,8.96340056997091,0.002810305474534066
736,39throw_143thcolumn,8.956045892594966,0.002821557201420119
737,79throw_146thcolumn,8.946732605245947,0.002835871125793481
738,10throw_148thcolumn,8.939197251426561,0.002847506518733105
739,142throw_174thcolumn,8.932189296056952,0.002858371126954005
740,67throw_186thcolumn,8.90872188642792,0.002895061206864343
741,49throw_170thcolumn,8.90674584444538,0.002898172429201158
742,48throw_57thcolumn,8.906368514817549,0.0028987669106561773
743,100throw_132thcolumn,8.901227443611814,0.002906879018640969
744,16throw_84thcolumn,8.899909295410035,0.002908962644518707
745,27throw_34thcolumn,8.898156865391446,0.0029117351018884733
746,87throw_131thcolumn,8.895930870829533,0.002915260644781494
747,80throw_146thcolumn,8.893639946589515,0.002918893557846067
748,52throw_80thcolumn,8.891779202602248,0.002921847686600086
749,112throw_122thcolumn,8.891190887123757,0.0029227823325730425
750,91throw_92thcolumn,8.890080378706603,0.0029245474057835795
751,4throw_132thcolumn,8.887694571758885,0.0029283431422063556
752,44throw_97thcolumn,8.87915618022474,0.002941968536582941
753,19throw_27thcolumn,8.873076625291318,0.0029517094617168937
754,53throw_167thcolumn,8.872044189952058,0.0029533669302006407
755,37throw_93thcolumn,8.864634525028162,0.00296529019797687
756,99throw_123thcolumn,8.839444077516951,0.003006192908062909
757,38throw_87thcolumn,8.838419707953458,0.0030078683098911842
758,58throw_168thcolumn,8.83398386283769,0.003015134301731913
759,160throw_190thcolumn,8.83319793401882,0.0030164235279085414
760,27throw_45thcolumn,8.827127668771038,0.003026400015872687
761,34throw_93thcolumn,8.82122938978969,0.0030361260022147454
762,70throw_77thcolumn,8.81990496101022,0.0030383142919393246
763,27throw_39thcolumn,8.818779133549894,0.0030401757040566853
764,63throw_99thcolumn,8.815617926540716,0.0030454085619875328
765,17throw_131thcolumn,8.815545712041006,0.0030455282082100417
766,16throw_199thcolumn,8.804632444448691,0.0030636645837297705
767,112throw_117thcolumn,8.79608506854515,0.003077945878798366
768,39throw_84thcolumn,8.786316315410446,0.0030943508729533464
769,93throw_170thcolumn,8.785385117719425,0.00309591930172782
770,85throw_131thcolumn,8.784344122974872,0.0030976736207954303
771,114throw_195thcolumn,8.775792146915132,0.0031121240392609577
772,69throw_91thcolumn,8.768082011274444,0.003125210778772067
773,28throw_112thcolumn,8.758777866232457,0.0031410776865696305
774,0throw_186thcolumn,8.758333704909177,0.003141837187933574
775,9throw_27thcolumn,8.75580944630845,0.0031461571381517063
776,122throw_195thcolumn,8.752575947858144,0.0031516996948206047
777,27throw_98thcolumn,8.745635310202598,0.0031636302571813484
778,150throw_171thcolumn,8.743732183351312,0.0031669096459418173
779,99throw_146thcolumn,8.730887154887823,0.003189134322172556
780,40throw_126thcolumn,8.716078543586407,0.003214953496508226
781,74throw_158thcolumn,8.714522211825303,0.0032176793235517698
782,51throw_156thcolumn,8.705919465003163,0.003232789039302889
783,91throw_177thcolumn,8.70588418725025,0.0032328511489818712
784,13throw_195thcolumn,8.702722434993394,0.0032384226351399275
785,76throw_188thcolumn,8.698009482451024,0.0032467457174314832
786,80throw_91thcolumn,8.697581909861315,0.003247501887729353
787,39throw_144thcolumn,8.690557378670942,0.0032599505998371237
788,47throw_121thcolumn,8.689193640330728,0.0032623730097766776
789,12throw_97thcolumn,8.685628008771385,0.003268715306250563
790,98throw_157thcolumn,8.67951946226616,0.0032796099436682544
791,20throw_164thcolumn,8.676967796692603,0.0032841717951939695
792,47throw_184thcolumn,8.667246316324189,0.0033016110552752244
793,116throw_159thcolumn,8.665236296482753,0.0033052285518578597
794,50throw_181thcolumn,8.665156535506233,0.003305372183417751
795,75throw_140thcolumn,8.661643707279913,0.0033117043018154263
796,12throw_176thcolumn,8.659282529681796,0.0033159674272622156
797,121throw_133thcolumn,8.642618530924219,0.0033462136776469314
798,74throw_192thcolumn,8.642554277831794,0.0033463308431280155
799,51throw_140thcolumn,8.641285435425477,0.0033486454323140226
800,1throw_30thcolumn,8.637324263013994,0.003355881790621351
801,22throw_69thcolumn,8.636595378464182,0.0033572150662875104
802,73throw_123thcolumn,8.636357033625046,0.0033576511636651124
803,77throw_194thcolumn,8.634792317175474,0.0033605155433973255
804,91throw_98thcolumn,8.634357960778217,0.0033613111199524764
805,131throw_134thcolumn,8.633685324325851,0.0033625435137763036
806,4throw_62thcolumn,8.627577110291735,0.003373755962530836
807,103throw_142thcolumn,8.621629019814794,0.0033847110616541253
808,63throw_77thcolumn,8.6158691245361,0.0033953540600044946
809,31throw_155thcolumn,8.614597944468757,0.0033977075020846016
810,50throw_156thcolumn,8.61156355143218,0.0034033320437410323
811,77throw_159thcolumn,8.61089428604407,0.0034045738673783277
812,145throw_172thcolumn,8.599719923535416,0.0034253762119740494
813,12throw_144thcolumn,8.594358216296538,0.003435403535022768
814,21throw_119thcolumn,8.58688827366982,0.0034494234683507697
815,84throw_136thcolumn,8.578001130120303,0.003466179174669703
816,28throw_140thcolumn,8.574666504518987,0.003472487594975417
817,74throw_171thcolumn,8.57031731503878,0.0034807329296650193
818,20throw_195thcolumn,8.56567708419151,0.003489552012085904
819,24throw_98thcolumn,8.558505753563662,0.0035032264010059566
820,20throw_97thcolumn,8.550598368911729,0.0035183675700662066
821,59throw_78thcolumn,8.549355368892224,0.0035207537370665807
822,38throw_51thcolumn,8.540640025768672,0.0035375307883446323
823,71throw_189thcolumn,8.536862591583604,0.0035448276226789535
824,59throw_153thcolumn,8.532923251049835,0.0035524535369052404
825,44throw_75thcolumn,8.529942864251858,0.003558234173770533
826,5throw_132thcolumn,8.526477989225704,0.003564966546534431
827,172throw_184thcolumn,8.524234914693901,0.0035693318338417134
828,133throw_165thcolumn,8.524170333401107,0.0035694575972297724
829,31throw_148thcolumn,8.523355962672166,0.0035710438620472334
830,129throw_138thcolumn,8.518849301678273,0.0035798351091605248
831,65throw_94thcolumn,8.516831715515849,0.0035837779998308633
832,76throw_87thcolumn,8.515087307152045,0.00358719059437738
833,39throw_65thcolumn,8.514553111436264,0.0035882363057749673
834,77throw_184thcolumn,8.512737763332337,0.003591792249358757
835,115throw_122thcolumn,8.510718568534434,0.0035957517082820267
836,121throw_152thcolumn,8.503614985758146,0.0036097165535174044
837,46throw_62thcolumn,8.492080437978554,0.003632509941751802
838,133throw_186thcolumn,8.485979393494988,0.0036446254152819996
839,50throw_150thcolumn,8.470487698218761,0.0036755741335489796
840,13throw_33thcolumn,8.466340839425113,0.0036839038936852786
841,97throw_186thcolumn,8.463400451913097,0.003689821872827971
842,83throw_197thcolumn,8.461415751506754,0.0036938218584866658
843,29throw_168thcolumn,8.45461556825454,0.003707560539691352
844,97throw_170thcolumn,8.453298160705012,0.003710228163094526
845,57throw_188thcolumn,8.449342601827261,0.0037182495421773784
846,49throw_62thcolumn,8.447525289274736,0.003721940744685714
847,66throw_74thcolumn,8.446357451432837,0.0037243147477455264
848,23throw_27thcolumn,8.44220866098678,0.003732760967763938
849,92throw_165thcolumn,8.441328666502145,0.0037345549910501887
850,113throw_186thcolumn,8.43691544547257,0.0037435653729369156
851,56throw_73thcolumn,8.420988806025433,0.0037762670300355602
852,111throw_181thcolumn,8.414035921223752,0.0037906342708562027
853,62throw_92thcolumn,8.409472290462013,0.003800094683121256
854,136throw_195thcolumn,8.40646052200316,0.003806351253986331
855,0throw_85thcolumn,8.399636355846571,0.003820566457540023
856,51throw_114thcolumn,8.390965602205373,0.0038387062757772273
857,130throw_170thcolumn,8.390800131166275,0.0038390533045763345
858,41throw_56thcolumn,8.38685580846258,0.0038473348759217344
859,30throw_98thcolumn,8.382722424891416,0.00385603293415618
860,48throw_183thcolumn,8.382466971339099,0.003856571153020295
861,146throw_159thcolumn,8.382062613675409,0.00385742325661721
862,78throw_111thcolumn,8.367336750377788,0.0038885861374298686
863,34throw_125thcolumn,8.367034978461604,0.0038892274224042876
864,127throw_196thcolumn,8.36595184908632,0.003891530030414732
865,152throw_185thcolumn,8.35827466246699,0.003907890705331635
866,140throw_199thcolumn,8.35321323604401,0.003918715310036922
867,159throw_160thcolumn,8.351991401199722,0.003921332957920832
868,92throw_174thcolumn,8.350749085210465,0.003923996311080128
869,43throw_129thcolumn,8.3360229141232,0.003955707956189221
870,80throw_189thcolumn,8.331412291850944,0.003965690149095739
871,162throw_193thcolumn,8.331001060648262,0.0039665817279315825
872,158throw_168thcolumn,8.322795103645133,0.003984415598884491
873,115throw_118thcolumn,8.313287128106461,0.004005181337366477
874,124throw_197thcolumn,8.308808843215955,0.0040150002343548544
875,78throw_196thcolumn,8.30593161306572,0.004021321666201468
876,87throw_112thcolumn,8.30377295217597,0.004026071020569959
877,50throw_92thcolumn,8.30165454080442,0.004030737377654003
878,34throw_84thcolumn,8.297483099550718,0.004039942190578976
879,24throw_97thcolumn,8.294378759786436,0.004046806209454998
880,103throw_146thcolumn,8.290833490822335,0.004054659707223379
881,40throw_80thcolumn,8.285787422915456,0.004065864577423489
882,61throw_78thcolumn,8.275912041797097,0.004087884407817281
883,20throw_187thcolumn,8.275026108149198,0.004089865767428111
884,159throw_167thcolumn,8.271106547421732,0.004098643478569488
885,31throw_176thcolumn,8.256049665685287,0.004132541737197802
886,85throw_118thcolumn,8.253872044043966,0.004137467915472988
887,95throw_184thcolumn,8.248761671681004,0.0041490520294810065
888,86throw_199thcolumn,8.246071887942268,0.004155162463364178
889,130throw_133thcolumn,8.243256284772663,0.004161568550039732
890,71throw_193thcolumn,8.239898489562442,0.004169221399818482
891,42throw_62thcolumn,8.23970442646342,0.004169664132952252
892,62throw_79thcolumn,8.23941592605978,0.004170322402750244
893,58throw_171thcolumn,8.236090680796904,0.00417791724754718
894,99throw_127thcolumn,8.232725658527759,0.004185617295597827
895,48throw_49thcolumn,8.226419934132586,0.004200085410575496
896,68throw_164thcolumn,8.2216174088616,0.004211138712795741
897,146throw_186thcolumn,8.220320919617635,0.0042141277408011685
898,57throw_184thcolumn,8.220128361396682,0.004214571864043674
899,112throw_195thcolumn,8.212339546262953,0.004232576322527782
900,34throw_197thcolumn,8.211395896678809,0.004234762961109747
901,78throw_157thcolumn,8.21092974869666,0.004235843550902327
902,40throw_159thcolumn,8.208518453184837,0.0042414377270840724
903,56throw_197thcolumn,8.19990710184887,0.004261477505864176
904,80throw_131thcolumn,8.196637511980686,0.004269111540966371
905,43throw_199thcolumn,8.195539415845667,0.004271678568039733
906,36throw_98thcolumn,8.188725049904983,0.0042876437788154625
907,66throw_91thcolumn,8.18801918674529,0.004289301001348178
908,25throw_148thcolumn,8.184889208369396,0.004296657422557973
909,0throw_187thcolumn,8.182182968198992,0.0043030282950767855
910,91throw_170thcolumn,8.181391288157988,0.00430489384207044
911,35throw_130thcolumn,8.17349664369539,0.004323542272369406
912,51throw_63thcolumn,8.169923511671042,0.004332009642935304
913,63throw_71thcolumn,8.166031737465099,0.004341251347544079
914,121throw_195thcolumn,8.16577535617799,0.004341860875407482
915,117throw_139thcolumn,8.165608214950753,0.00434225828850082
916,28throw_135thcolumn,8.162647680592386,0.004349303725215455
917,68throw_146thcolumn,8.15814413623997,0.0043600435513572984
918,48throw_68thcolumn,8.155857422440148,0.004365507137679821
919,128throw_171thcolumn,8.138312535387632,0.004407659605965651
920,0throw_94thcolumn,8.137757832575662,0.004408999054366132
921,48throw_60thcolumn,8.136274646280445,0.004412582563296683
922,144throw_152thcolumn,8.135879289398243,0.004413538281619305
923,50throw_80thcolumn,8.135814856947114,0.004413694057790986
924,62throw_187thcolumn,8.131247320391344,0.0044247511342977285
925,50throw_93thcolumn,8.126249304836763,0.004436882679722974
926,30throw_146thcolumn,8.121954530476579,0.004447334358416655
927,72throw_136thcolumn,8.116402421962949,0.004460883076917384
928,50throw_136thcolumn,8.108575616664096,0.004480054223255868
929,120throw_195thcolumn,8.099840760384877,0.00450154879734746
930,42throw_143thcolumn,8.09948593948738,0.004502424153502298
931,118throw_131thcolumn,8.089384139655762,0.004527418619691888
932,158throw_169thcolumn,8.08674600312529,0.0045339693233237945
933,91throw_191thcolumn,8.0848033099271,0.004538799364713407
934,119throw_175thcolumn,8.078911121772666,0.004553480997840391
935,83throw_184thcolumn,8.07695899967983,0.004558355796746415
936,40throw_99thcolumn,8.070136219409688,0.004575435350830473
937,34throw_68thcolumn,8.068543484312674,0.00457943185290394
938,40throw_119thcolumn,8.06115784541003,0.0045980105334154225
939,118throw_196thcolumn,8.054725380390163,0.004614254117129677
940,90throw_99thcolumn,8.048547168573899,0.0046299107526117465
941,28throw_122thcolumn,8.046348492795033,0.004635495633095626
942,20throw_185thcolumn,8.043782037655932,0.004642023406270458
943,84throw_164thcolumn,8.037069801780062,0.004659140328221002
944,125throw_138thcolumn,8.036596452807231,0.0046603498462644295
945,62throw_104thcolumn,8.024370422890529,0.004691701447451298
946,163throw_191thcolumn,8.022564349602346,0.004696351023178894
947,0throw_84thcolumn,8.018430371293924,0.00470701128431508
948,124throw_138thcolumn,8.016223895042316,0.004712711209123142
949,27throw_108thcolumn,8.009373084856094,0.004730453613102025
950,174throw_183thcolumn,8.004190514663966,0.004743920825619221
951,45throw_111thcolumn,8.004090739368221,0.004744180480958929
952,158throw_177thcolumn,8.002489870361408,0.004748348567226966
953,155throw_180thcolumn,8.000736505301933,0.004752917984839147
954,58throw_71thcolumn,7.999688653857872,0.004755650915498431
955,16throw_69thcolumn,7.993450473460026,0.004771954101338516
956,18throw_69thcolumn,7.979656774844884,0.004808206001549641
957,161throw_195thcolumn,7.97962197932615,0.00480829780375936
958,11throw_27thcolumn,7.977512225320014,0.0048138673825781145
959,56throw_90thcolumn,7.977317608357275,0.004814381486978613
960,24throw_143thcolumn,7.9663201672043265,0.004843523769855477
961,65throw_75thcolumn,7.962479014863968,0.004853744852442484
962,125throw_139thcolumn,7.961242073100077,0.00485704096456887
963,87throw_191thcolumn,7.957568519926078,0.004866843449947311
964,68throw_172thcolumn,7.9564678329036,0.004869784444225034
965,81throw_95thcolumn,7.956027398780119,0.0048709617755157576
966,31throw_145thcolumn,7.95352792128122,0.004877648670337981
967,45throw_57thcolumn,7.95183595054463,0.004882180543947255
968,73throw_186thcolumn,7.949357567723689,0.004888826546474993
969,152throw_190thcolumn,7.947711724383456,0.004893245120585127
970,20throw_24thcolumn,7.945816612206569,0.004898337950975641
971,54throw_161thcolumn,7.944416919524832,0.004902102887719183
972,12throw_43thcolumn,7.940797276952431,0.004911852811253253
973,86throw_171thcolumn,7.927693007619812,0.0049473164610622814
974,59throw_184thcolumn,7.923110102133058,0.004959780599213119
975,16throw_197thcolumn,7.921765164099561,0.0049634445083196225
976,130throw_172thcolumn,7.9213388853362,0.004964606362417886
977,96throw_182thcolumn,7.910644068881197,0.004993846875106842
978,73throw_108thcolumn,7.9042621854303174,0.005011379138967049
979,8throw_132thcolumn,7.902732629576184,0.005015590447001582
980,63throw_67thcolumn,7.9006665898231825,0.005021284584225243
981,19throw_88thcolumn,7.899583762042465,0.005024271561005676
982,45throw_144thcolumn,7.898867423553598,0.005026248574819916
983,152throw_154thcolumn,7.897689163510988,0.005029502167290686
984,47throw_63thcolumn,7.894361160667901,0.005038703573345098
985,43throw_107thcolumn,7.880586423330166,0.005076971645291203
986,85throw_184thcolumn,7.878212116271189,0.00508359769871694
987,75throw_84thcolumn,7.875049170839248,0.00509243834256628
988,69throw_100thcolumn,7.860928320112426,0.0051320988734803626
989,171throw_183thcolumn,7.857275134321742,0.005142410630444924
990,24throw_154thcolumn,7.855907740376922,0.005146275776417004
991,46throw_151thcolumn,7.847656306777195,0.0051696627211667455
992,54throw_94thcolumn,7.836903816058577,0.005200301264407248
993,25throw_27thcolumn,7.835565535411891,0.005204127558941142
994,7throw_189thcolumn,7.820100415584441,0.005248553127984798
995,137throw_195thcolumn,7.81540349330042,0.005262122147203515
996,29throw_87thcolumn,7.815057133893063,0.005263124167458414
997,27throw_141thcolumn,7.813328825806921,0.005268127086906495
998,81throw_193thcolumn,7.812798366196184,0.005269663577525392
999,0throw_107thcolumn,7.804830964373595,0.005292796488744862
1000,49throw_182thcolumn,7.804051832005104,0.00529506421398936
1001,42throw_78thcolumn,7.802201170606052,0.00530045468470593
1002,24throw_141thcolumn,7.802199199526147,0.005300460428908143
1003,91throw_125thcolumn,7.801485468969324,0.005302540829812556
1004,50throw_62thcolumn,7.800560935421571,0.005305236924245987
1005,128throw_131thcolumn,7.797908574418399,0.005312979421737427
1006,82throw_166thcolumn,7.794561974961697,0.005322764930812154
1007,30throw_142thcolumn,7.793215528533884,0.00532670715010183
1008,34throw_85thcolumn,7.790905890217505,0.005333476412918676
1009,55throw_150thcolumn,7.788465796618891,0.005340637565114616
1010,81throw_91thcolumn,7.7873356835093235,0.005343957530400277
1011,35throw_184thcolumn,7.78581200939136,0.005348437006806546
1012,77throw_189thcolumn,7.779037404235369,0.005368400250353731
1013,141throw_197thcolumn,7.771231312079159,0.005391497414766822
1014,104throw_124thcolumn,7.770576374929432,0.005393439892215348
1015,79throw_92thcolumn,7.769638223711958,0.00539622359891919
1016,70throw_81thcolumn,7.769519253555528,0.005396576715057505
1017,172throw_192thcolumn,7.764492336769863,0.005411518720979044
1018,28throw_88thcolumn,7.749369065679587,0.005456726340398338
1019,49throw_73thcolumn,7.746374860840805,0.0054657224769597565
1020,34throw_94thcolumn,7.742413335751188,0.005477648221585538
1021,101throw_170thcolumn,7.742195521715689,0.00547830469738465
1022,57throw_170thcolumn,7.741955911596633,0.0054790269578071735
1023,112throw_181thcolumn,7.736601113970614,0.005495193398298622
1024,27throw_127thcolumn,7.736188943061134,0.005496439783010908
1025,142throw_192thcolumn,7.733383099757831,0.005504932191245417
1026,85throw_170thcolumn,7.732536822807213,0.0055074962355425566
1027,84throw_118thcolumn,7.7313710538360585,0.005511030271848305
1028,149throw_199thcolumn,7.731050210307885,0.005512003317425394
1029,57throw_59thcolumn,7.728596178061824,0.005519451645305336
1030,73throw_138thcolumn,7.727987779759041,0.005521299807850643
1031,74throw_85thcolumn,7.725984694890663,0.00552738914761429
1032,88throw_199thcolumn,7.724439342020688,0.005532091676978684
1033,69throw_185thcolumn,7.7210190186411465,0.005542514300357359
1034,191throw_192thcolumn,7.718799945022274,0.005549287123855747
1035,4throw_38thcolumn,7.704148847824764,0.005594216292787768
1036,14throw_33thcolumn,7.697802297117148,0.005613793829574826
1037,108throw_184thcolumn,7.697774656023129,0.00561387924836882
1038,12throw_89thcolumn,7.695133239434256,0.005622048099778939
1039,42throw_87thcolumn,7.693783698475007,0.005626226378189693
1040,84throw_114thcolumn,7.691223793181508,0.005634160749748705
1041,17throw_138thcolumn,7.690634535102147,0.0056359887600397444
1042,11throw_32thcolumn,7.6884770389882275,0.005642686966125271
1043,36throw_87thcolumn,7.687642379639903,0.005645280447062808
1044,132throw_167thcolumn,7.68759622088645,0.005645423908578793
1045,27throw_111thcolumn,7.685205344921493,0.005652859850510558
1046,145throw_178thcolumn,7.679701568392892,0.005670015369993541
1047,70throw_93thcolumn,7.67451735592799,0.005686223429743723
1048,62throw_77thcolumn,7.668394823469648,0.0057054260392939765
1049,127throw_131thcolumn,7.6675607157530745,0.005708047242743044
1050,54throw_69thcolumn,7.664454049224179,0.005717820843899628
1051,105throw_144thcolumn,7.659502759768302,0.005733432990825821
1052,15throw_175thcolumn,7.6594959011431705,0.005733454647257073
1053,27throw_102thcolumn,7.652367012566132,0.005756009689351193
1054,21throw_50thcolumn,7.648954615766329,0.005766838204578592
1055,136throw_184thcolumn,7.646040104666108,0.005776103261126968
1056,74throw_98thcolumn,7.641585917475048,0.005790292242420623
1057,82throw_131thcolumn,7.641208766764005,0.005791495304113389
1058,58throw_75thcolumn,7.638058412480274,0.005801554504408015
1059,152throw_170thcolumn,7.632227614553914,0.005820219576578322
1060,34throw_45thcolumn,7.620825374440898,0.005856896973077642
1061,103throw_104thcolumn,7.616416477566901,0.005871142225817363
1062,170throw_188thcolumn,7.614340038359237,0.005877863507637739
1063,25throw_159thcolumn,7.6094832325759585,0.005893615347519002
1064,4throw_98thcolumn,7.609026950487738,0.005895097399250454
1065,45throw_51thcolumn,7.605324132663568,0.005907138628934256
1066,186throw_193thcolumn,7.603161787849221,0.005914181998357037
1067,40throw_68thcolumn,7.6015453292105555,0.005919452866095216
1068,32throw_94thcolumn,7.60072176624429,0.005922140144466682
1069,78throw_88thcolumn,7.6007208252684535,0.005922143215575671
1070,91throw_156thcolumn,7.599542127893658,0.005925991465017935
1071,24throw_48thcolumn,7.597359540513244,0.005933123994130674
1072,42throw_60thcolumn,7.596624879082857,0.00593552678425374
1073,57throw_185thcolumn,7.590236319529409,0.0059564632233428125
1074,50throw_137thcolumn,7.589531427725886,0.005958777895763605
1075,62throw_153thcolumn,7.580345667467303,0.005989025589666697
1076,85throw_139thcolumn,7.578148099787088,0.005996285164930918
1077,12throw_33thcolumn,7.57785312928183,0.005997260272188655
1078,31throw_67thcolumn,7.576420605953441,0.006001998182238256
1079,35throw_87thcolumn,7.57636034787746,0.006002197562861958
1080,36throw_84thcolumn,7.570962914042465,0.006020083956253034
1081,89throw_99thcolumn,7.5677340474912205,0.006030810027406883
1082,40throw_75thcolumn,7.563792275286949,0.006043930798407053
1083,46throw_118thcolumn,7.559942165519997,0.0060567746187913055
1084,77throw_96thcolumn,7.556337732208559,0.006068824150379472
1085,67throw_171thcolumn,7.55113690044767,0.0060862535914288285
1086,122throw_132thcolumn,7.5472957448032885,0.006099159213236065
1087,86throw_190thcolumn,7.544904630866656,0.006107207064142304
1088,128throw_136thcolumn,7.540885952849809,0.006120757315916341
1089,138throw_166thcolumn,7.54080282352437,0.006121037937015037
1090,131throw_151thcolumn,7.540083673863595,0.00612346613189362
1091,114throw_158thcolumn,7.529880019928523,0.006158024839333304
1092,52throw_174thcolumn,7.526473734922413,0.006169605895372337
1093,145throw_190thcolumn,7.522386373352004,0.006183531934948425
1094,25throw_99thcolumn,7.516629787700142,0.006203199690318072
1095,44throw_184thcolumn,7.515913538390728,0.00620565127190482
1096,6throw_24thcolumn,7.5079568431917965,0.006232952184539537
1097,62throw_103thcolumn,7.506764103142367,0.006237055266961136
1098,73throw_91thcolumn,7.502274257144248,0.0062525253226936445
1099,38throw_64thcolumn,7.496149812114638,0.006273690756744388
1100,31throw_49thcolumn,7.4958128899784855,0.006274857247022001
1101,25throw_171thcolumn,7.489718453814897,0.006295995693029605
1102,38throw_41thcolumn,7.488441051364809,0.006300435560740349
1103,28throw_59thcolumn,7.484160717153306,0.006315336061504948
1104,30throw_68thcolumn,7.479445642765217,0.006331791661502959
1105,64throw_65thcolumn,7.478043944167624,0.006336692033652368
1106,49throw_173thcolumn,7.47789292416449,0.006337220234529635
1107,57throw_173thcolumn,7.474298748222652,0.00634980435608227
1108,127throw_190thcolumn,7.471815669560555,0.00635851316194871
1109,57throw_169thcolumn,7.45281143017837,0.006425571642620887
1110,127throw_189thcolumn,7.452806719177771,0.006425588355217533
1111,80throw_158thcolumn,7.448537292278566,0.006440752723475024
1112,52throw_69thcolumn,7.439605169901547,0.006472596750856749
1113,123throw_131thcolumn,7.438751285449102,0.0064756493629747605
1114,81throw_194thcolumn,7.438572446098444,0.00647628889486415
1115,179throw_191thcolumn,7.437099637250955,0.006481558135159849
1116,47throw_91thcolumn,7.43489778409341,0.006489443839666143
1117,8throw_14thcolumn,7.431023218441342,0.006503344013339888
1118,88throw_92thcolumn,7.424278501330352,0.006527613644910789
1119,42throw_69thcolumn,7.421200437530953,0.00653872025051837
1120,27throw_106thcolumn,7.41610944400338,0.006557132555887858
1121,93throw_191thcolumn,7.415883253239472,0.006557951836042729
1122,25throw_40thcolumn,7.412073487944349,0.0065717668351971716
1123,49throw_193thcolumn,7.412003877702124,0.006572019533019486
1124,166throw_170thcolumn,7.411410812068324,0.006574172871956043
1125,99throw_140thcolumn,7.406003290940877,0.0065938401396516974
1126,100throw_185thcolumn,7.395816609141433,0.006631052897592352
1127,91throw_166thcolumn,7.389131876599668,0.00665558939829346
1128,136throw_197thcolumn,7.388937136572295,0.006656305587258166
1129,139throw_189thcolumn,7.388149048670925,0.0066592047170157395
1130,78throw_112thcolumn,7.386588792294856,0.006664948223464307
1131,165throw_168thcolumn,7.381071870643399,0.006685297385839598
1132,38throw_132thcolumn,7.3764109525398425,0.006702538689755985
1133,14throw_15thcolumn,7.372756634550592,0.006716088256217528
1134,21throw_30thcolumn,7.371110602159314,0.006722200601718062
1135,73throw_106thcolumn,7.367774418918488,0.0067346065784748025
1136,73throw_110thcolumn,7.366547375581451,0.006739175366486657
1137,61throw_70thcolumn,7.363916223011774,0.0067489829213717
1138,100throw_124thcolumn,7.3562991305297905,0.006777457824314875
1139,4throw_100thcolumn,7.356004181908628,0.006778562895746647
1140,140throw_175thcolumn,7.355647154376524,0.006779900802145899
1141,143throw_159thcolumn,7.353655436276881,0.006787369420514569
1142,131throw_175thcolumn,7.353447841180442,0.006788148352391896
1143,84throw_146thcolumn,7.352023915076114,0.006793493628673306
1144,73throw_96thcolumn,7.3501616171639,0.006800491006733831
1145,123throw_194thcolumn,7.340458201630457,0.006837069973245446
1146,73throw_171thcolumn,7.338493211611051,0.006844501866122536
1147,121throw_164thcolumn,7.338480636830007,0.006844549452467874
1148,11throw_132thcolumn,7.336720305326437,0.006851214359884709
1149,142throw_178thcolumn,7.336234202932402,0.006853055993696902
1150,51throw_70thcolumn,7.332321370088835,0.0068678984965210455
1151,99throw_150thcolumn,7.332194978170012,0.0068683784853595465
1152,136throw_138thcolumn,7.329801109140989,0.006877475979506728
1153,129throw_195thcolumn,7.320471969991777,0.00691304757481994
1154,58throw_198thcolumn,7.315687368058199,0.006931364008808257
1155,42throw_111thcolumn,7.315396448051397,0.006932479309810698
1156,50throw_199thcolumn,7.31432865574472,0.006936574482489522
1157,71throw_97thcolumn,7.312697411933907,0.006942835370104803
1158,17throw_75thcolumn,7.312101874234365,0.006945122547520322
1159,152throw_180thcolumn,7.308192287154282,0.006960156566025929
1160,23throw_142thcolumn,7.307743345989194,0.006961885064673346
1161,42throw_159thcolumn,7.307403179275998,0.0069631950558925616
1162,73throw_100thcolumn,7.306544574307404,0.00696650268850107
1163,56throw_75thcolumn,7.305554045933678,0.006970320530885981
1164,67throw_93thcolumn,7.303920952180336,0.006976619718982235
1165,111throw_185thcolumn,7.301708296319272,0.006985163692626827
1166,78throw_134thcolumn,7.297204913688976,0.007002586183826826
1167,1throw_131thcolumn,7.294816639753929,0.007011843868275247
1168,0throw_130thcolumn,7.2912022688810065,0.0070258781018117935
1169,86throw_122thcolumn,7.289875673600832,0.00703103634275374
1170,9throw_172thcolumn,7.288886843872571,0.007034883759822234
1171,56throw_166thcolumn,7.285344516805722,0.007048684214822633
1172,7throw_27thcolumn,7.277130949732414,0.007080789897320554
1173,19throw_138thcolumn,7.274771915221366,0.007090038661846764
1174,130throw_150thcolumn,7.271981311040708,0.007100995387184641
1175,61throw_134thcolumn,7.261706200086818,0.007141488023884635
1176,101throw_131thcolumn,7.258146146254391,0.007155572696817219
1177,90throw_121thcolumn,7.245154042768048,0.0072072150695822465
1178,134throw_184thcolumn,7.242972706585284,0.007215922993473559
1179,84throw_139thcolumn,7.24239973436622,0.007218212091327318
1180,74throw_81thcolumn,7.240919033672453,0.007224131123552151
1181,62throw_181thcolumn,7.237705349804605,0.007236994770005449
1182,18throw_20thcolumn,7.236909143636325,0.007240185423990138
1183,161throw_193thcolumn,7.235582821267266,0.007245503620581787
1184,55throw_67thcolumn,7.23336161724242,0.007254419007469781
1185,83throw_188thcolumn,7.228396995864351,0.007274386432549313
1186,91throw_172thcolumn,7.226857892324068,0.007280588033729425
1187,116throw_195thcolumn,7.225128605421674,0.007287562407251577
1188,29throw_130thcolumn,7.224313668127418,0.0072908514944345785
1189,88throw_150thcolumn,7.222205078782494,0.00729936881431516
1190,100throw_182thcolumn,7.2219339300397865,0.00730046481632159
1191,17throw_195thcolumn,7.2212799527589615,0.0073031089308187285
1192,10throw_173thcolumn,7.220913541679602,0.007304590806444498
1193,34throw_53thcolumn,7.218569615830495,0.007314077624730741
1194,36throw_68thcolumn,7.215267399811815,0.007327464433034582
1195,36throw_165thcolumn,7.203808779620857,0.007374111168434537
1196,121throw_168thcolumn,7.201131553580501,0.0073850535832463175
1197,44throw_69thcolumn,7.196602511985705,0.0074036026305662255
1198,28throw_98thcolumn,7.189454611095816,0.0074329744972753894
1199,80throw_170thcolumn,7.188634950993845,0.007436350225604539
1200,28throw_46thcolumn,7.185068979903572,0.007451054769995234
1201,86throw_94thcolumn,7.181078242241944,0.007467546166679397
1202,138throw_168thcolumn,7.177414187488924,0.007482720472222986
1203,127throw_165thcolumn,7.175290410759,0.00749153032075645
1204,63throw_191thcolumn,7.169457133140591,0.0075157825895412365
1205,59throw_94thcolumn,7.168980290096998,0.007517768648603308
1206,21throw_114thcolumn,7.161966716074565,0.007547042441708089
1207,17throw_80thcolumn,7.15638566302458,0.007570420428293605
1208,112throw_125thcolumn,7.146376929102465,0.007612531001998061
1209,37throw_84thcolumn,7.142908304026062,0.007627180726473676
1210,18throw_97thcolumn,7.140396262686733,0.007637808341575113
1211,58throw_131thcolumn,7.140205081246841,0.007638617787507115
1212,27throw_56thcolumn,7.14012433366763,0.007638959692260749
1213,39throw_141thcolumn,7.137363241812278,0.007650660254718105
1214,40throw_158thcolumn,7.1359102297233665,0.007656824989766012
1215,66throw_99thcolumn,7.13466297737193,0.007662120798623283
1216,40throw_186thcolumn,7.127300558321354,0.007693457980948636
1217,5throw_38thcolumn,7.126934090746847,0.007695021226784195
1218,67throw_191thcolumn,7.12375364492602,0.007708601765331593
1219,8throw_182thcolumn,7.119581732610269,0.007726453093242852
1220,64throw_70thcolumn,7.114312058408644,0.0077490621857633744
1221,24throw_159thcolumn,7.105482195498508,0.007787097936054162
1222,147throw_159thcolumn,7.105376865603519,0.007787552809893744
1223,107throw_180thcolumn,7.101792949908859,0.007803046401332668
1224,88throw_185thcolumn,7.098988773001676,0.007815191119940225
1225,39throw_169thcolumn,7.094585990420192,0.007834298368639426
1226,173throw_197thcolumn,7.088550512915118,0.007860568972654802
1227,163throw_168thcolumn,7.085177485944275,0.007875290015905919
1228,168throw_187thcolumn,7.07806426564823,0.007906427163567547
1229,78throw_84thcolumn,7.073256086755756,0.007927545697329343
1230,132throw_195thcolumn,7.070382173121229,0.007940196107077852
1231,121throw_139thcolumn,7.070060290122543,0.007941614260410663
1232,120throw_150thcolumn,7.068516660646616,0.007948418794802596
1233,45throw_105thcolumn,7.0601050269599135,0.007985603518753387
1234,40throw_125thcolumn,7.057429531773234,0.007997468204732681
1235,55throw_199thcolumn,7.057120232619263,0.007998840979022918
1236,56throw_67thcolumn,7.056684739012832,0.008000774256139868
1237,73throw_76thcolumn,7.05540985450951,0.008006436574359739
1238,141throw_159thcolumn,7.052779018159755,0.008018134244039483
1239,127throw_136thcolumn,7.048955433928836,0.008035166528124136
1240,74throw_76thcolumn,7.0480603838762965,0.008039158908540496
1241,153throw_197thcolumn,7.04695436592424,0.008044095120313793
1242,13throw_131thcolumn,7.0452954483163985,0.008051504771141423
1243,67throw_85thcolumn,7.044185476876343,0.008056466425734914
1244,84throw_133thcolumn,7.04325770444031,0.008060616040130732
1245,46throw_119thcolumn,7.0429871876638535,0.008061826382965634
1246,42throw_181thcolumn,7.038262447470316,0.00808299580240211
1247,180throw_193thcolumn,7.036715393346624,0.008089939818471227
1248,75throw_134thcolumn,7.035801258173317,0.00809404582362257
1249,99throw_145thcolumn,7.035352389907632,0.008096062778835567
1250,70throw_89thcolumn,7.034679614733757,0.008099086806767027
1251,85throw_191thcolumn,7.03390978326976,0.00810254850827776
1252,78throw_191thcolumn,7.028226529784966,0.008128151338071347
1253,48throw_61thcolumn,7.0231654515916615,0.008151021050492332
1254,63throw_198thcolumn,7.0187625482041325,0.008170970252848775
1255,65throw_148thcolumn,7.0175989765789275,0.008176250653506289
1256,39throw_50thcolumn,7.01371562802279,0.008193898981138389
1257,62throw_67thcolumn,7.009894279343235,0.008211303639984813
1258,73throw_155thcolumn,7.009692458305076,0.008212223903396387
1259,42throw_61thcolumn,7.009162379393614,0.00821464146003613
1260,31throw_87thcolumn,7.008620516583976,0.008217113513678475
1261,104throw_172thcolumn,7.007183234234086,0.008223674288510828
1262,135throw_175thcolumn,7.005759895865406,0.008230176701916846
1263,168throw_178thcolumn,6.989459448066496,0.008305020743137579
1264,122throw_133thcolumn,6.986124646568626,0.008320418320447973
1265,99throw_151thcolumn,6.9856045293051325,0.008322822461798733
1266,82throw_99thcolumn,6.984042948424753,0.008330044844352576
1267,68throw_131thcolumn,6.977819127731177,0.008358894158057599
1268,46throw_57thcolumn,6.977035433468879,0.00836253407070238
1269,28throw_87thcolumn,6.975732586882016,0.008368588810470583
1270,33throw_39thcolumn,6.969033990783185,0.008399790298234663
1271,84throw_135thcolumn,6.968546913816739,0.008402063704782789
1272,131throw_195thcolumn,6.968367377113087,0.008402901842081617
1273,113throw_178thcolumn,6.968347101014034,0.008402996503068584
1274,175throw_179thcolumn,6.968215664567302,0.008403610153702471
1275,30throw_80thcolumn,6.967233866536645,0.00840819542631484
1276,50throw_141thcolumn,6.956609038193956,0.008457980658990352
1277,45throw_143thcolumn,6.955758209449592,0.00846198046557532
1278,151throw_180thcolumn,6.950297833175878,0.008487696262890681
1279,17throw_199thcolumn,6.947203586271724,0.008502304242634172
1280,46throw_189thcolumn,6.945670421351722,0.0085095518773932
1281,6throw_100thcolumn,6.941073968095255,0.008531318371392869
1282,108throw_172thcolumn,6.9396540090021075,0.00853805411405628
1283,30throw_184thcolumn,6.9382736777293585,0.008544607101667285
1284,114throw_171thcolumn,6.9354726419155455,0.008557920591944393
1285,74throw_185thcolumn,6.934682764278554,0.00856167876892137
1286,87throw_135thcolumn,6.929442368300267,0.008586655042598014
1287,0throw_87thcolumn,6.925248709591528,0.00860669624053805
1288,6throw_43thcolumn,6.9250118026157494,0.008607829831801595
1289,44throw_144thcolumn,6.92141007363937,0.008625082834428881
1290,112throw_197thcolumn,6.920524373880931,0.008629330940420569
1291,74throw_80thcolumn,6.917374707208153,0.008644455153508155
1292,113throw_148thcolumn,6.913898352306806,0.008661179618374027
1293,181throw_188thcolumn,6.912761800564962,0.008666654668641695
1294,46throw_64thcolumn,6.906535812076297,0.008696709797681028
1295,28throw_42thcolumn,6.9030188741005505,0.0087137345449794
1296,104throw_150thcolumn,6.901032478526967,0.008723365355250142
1297,164throw_186thcolumn,6.89004249385945,0.008776846559444286
1298,0throw_123thcolumn,6.889189374138458,0.008781012178250934
1299,129throw_148thcolumn,6.887949031322781,0.008787072148242057
1300,43throw_69thcolumn,6.887346753550842,0.008790016256009643
1301,98throw_173thcolumn,6.886683077702914,0.008793261666409001
1302,141throw_199thcolumn,6.885345356629415,0.008799806927718203
1303,20throw_86thcolumn,6.883806560301442,0.008807342196186521
1304,70throw_99thcolumn,6.882188826764943,0.008815271141550356
1305,32throw_75thcolumn,6.881512236142107,0.008818589463285877
1306,65throw_191thcolumn,6.879195604728184,0.008829961025521029
1307,55throw_106thcolumn,6.878958794556399,0.008831124293324086
1308,4throw_150thcolumn,6.8788681557107845,0.008831569574431241
1309,113throw_189thcolumn,6.877701302878758,0.008837304023716368
1310,40throw_185thcolumn,6.873647792119345,0.008857254512075275
1311,28throw_191thcolumn,6.870980895498514,0.00887040556764241
1312,168throw_195thcolumn,6.867238769657499,0.008888892575928264
1313,96throw_180thcolumn,6.865972525412995,0.008895157069827487
1314,98throw_100thcolumn,6.8645188739605105,0.008902354304996156
1315,111throw_149thcolumn,6.864510075024543,0.008902397887954066
1316,38throw_188thcolumn,6.863801083031295,0.008905910391631825
1317,74throw_78thcolumn,6.862301980941989,0.008913341955128764
1318,87throw_189thcolumn,6.861266302864655,0.008918479879995448
1319,116throw_133thcolumn,6.856354858768564,0.008942886577919553
1320,176throw_191thcolumn,6.852669832572943,0.00896124373062846
1321,70throw_95thcolumn,6.84585513898345,0.008995293342521126
1322,114throw_188thcolumn,6.842785781335181,0.009010672687397183
1323,145throw_170thcolumn,6.8417243366361244,0.009015997441340825
1324,115throw_117thcolumn,6.840105605119537,0.009024124046080623
1325,63throw_90thcolumn,6.8364393171859685,0.009042557890094362
1326,36throw_130thcolumn,6.8345704183249465,0.009051969438368114
1327,158throw_194thcolumn,6.831307655706004,0.00906842439779653
1328,53throw_163thcolumn,6.82658088961527,0.009092317129579744
1329,16throw_196thcolumn,6.823508843909501,0.009107880226190662
1330,185throw_186thcolumn,6.8233033401193115,0.009108922290253932
1331,51throw_186thcolumn,6.8228873659204075,0.00911103197722156
1332,34throw_50thcolumn,6.820573976587249,0.00912277388709015
1333,4throw_168thcolumn,6.818563697106397,0.009132989924246798
1334,113throw_179thcolumn,6.8121692474076685,0.009165563951024584
1335,6throw_144thcolumn,6.810522398895105,0.009173972455103362
1336,75throw_141thcolumn,6.805295741749711,0.009200711233581035
1337,50throw_88thcolumn,6.805286859317909,0.009200756742708613
1338,139throw_182thcolumn,6.800724837548187,0.009224160789675862
1339,57throw_179thcolumn,6.799675890160439,0.009229550718890004
1340,1throw_45thcolumn,6.798764118549965,0.009234238405781867
1341,75throw_196thcolumn,6.796999149900922,0.009243319569955315
1342,124throw_187thcolumn,6.796997079309675,0.009243330228995018
1343,166throw_172thcolumn,6.794425211585246,0.00925657948822093
1344,74throw_124thcolumn,6.793493898017619,0.009261382054683751
1345,159throw_188thcolumn,6.792311506343969,0.009267483054365224
1346,54throw_158thcolumn,6.7919687394111135,0.009269252461332771
1347,29throw_94thcolumn,6.784126732988405,0.009309828690352835
1348,99throw_179thcolumn,6.783280763303958,0.009314216792502203
1349,88throw_99thcolumn,6.780589970554946,0.009328188227234037
1350,89throw_164thcolumn,6.778505596072799,0.009339025723078232
1351,74throw_99thcolumn,6.775460664582901,0.009354880757072628
1352,166throw_190thcolumn,6.774533004638776,0.009359716590486889
1353,37throw_98thcolumn,6.7685394212820755,0.009391022630714495
1354,57throw_190thcolumn,6.767512455465401,0.009396397508510065
1355,12throw_20thcolumn,6.760117982791291,0.009435191574437271
1356,152throw_161thcolumn,6.759368918255653,0.009439130590451657
1357,14throw_91thcolumn,6.757914212858261,0.00944678509542036
1358,132throw_173thcolumn,6.7533312446604326,0.00947094184318323
1359,77throw_80thcolumn,6.752782720740096,0.009473837346484057
1360,46throw_146thcolumn,6.752235209905674,0.009476728407592746
1361,134throw_172thcolumn,6.752009754700346,0.009477919158099892
1362,35throw_168thcolumn,6.750287437951591,0.009487020707935464
1363,47throw_71thcolumn,6.749256667345307,0.009492472083735947
1364,42throw_146thcolumn,6.748536233228623,0.009496284109012713
1365,82throw_150thcolumn,6.745603263051026,0.009511819520857114
1366,69throw_157thcolumn,6.743374261154266,0.00952364357558842
1367,35throw_68thcolumn,6.7403516088885524,0.009539701753550497
1368,79throw_147thcolumn,6.736480330491259,0.009560308932415587
1369,86throw_127thcolumn,6.726728303622354,0.00961242255944022
1370,47throw_56thcolumn,6.725471663901098,0.009619159052706968
1371,24throw_127thcolumn,6.723949684369696,0.009627324444666706
1372,75throw_79thcolumn,6.723913292010441,0.00962751977603292
1373,62throw_88thcolumn,6.723551856038649,0.009629459958448444
1374,62throw_75thcolumn,6.722359996214797,0.00963586068564376
1375,132throw_144thcolumn,6.721387267019178,0.009641087835587724
1376,198throw_199thcolumn,6.7197798368830055,0.009649732051860021
1377,6throw_40thcolumn,6.719693838942238,0.009650194743775882
1378,14throw_138thcolumn,6.717101210671467,0.00966415446994952
1379,70throw_148thcolumn,6.715561894343657,0.009672452553349824
1380,20throw_121thcolumn,6.715480097049956,0.009672893707360117
1381,166throw_191thcolumn,6.714682611395346,0.009677195836229302
1382,125throw_171thcolumn,6.714607804690454,0.009677599490382466
1383,51throw_184thcolumn,6.711911103219829,0.009692162332324153
1384,48throw_144thcolumn,6.7081626742070135,0.009712442117361792
1385,71throw_83thcolumn,6.705852096280151,0.00972496451381709
1386,35throw_84thcolumn,6.704540402854926,0.009732080731660918
1387,28throw_47thcolumn,6.699688500624821,0.009758449810794923
1388,74throw_112thcolumn,6.698623703335523,0.009764246566303198
1389,32throw_175thcolumn,6.694804160149325,0.009785069243096554
1390,16throw_195thcolumn,6.694182626246692,0.009788461914613352
1391,67throw_81thcolumn,6.691959951749052,0.009800604366167838
1392,165throw_184thcolumn,6.691623703250836,0.009802442634407011
1393,75throw_169thcolumn,6.691476793615379,0.009803245899441032
1394,30throw_94thcolumn,6.69027325034877,0.009809829116118694
1395,35throw_36thcolumn,6.689275596733276,0.009815289583499056
1396,129throw_164thcolumn,6.686474880808795,0.009830635444870487
1397,131throw_142thcolumn,6.683712143560117,0.0098457973352819
1398,77throw_110thcolumn,6.681519255735112,0.009857848976880893
1399,42throw_72thcolumn,6.6810131422089425,0.009860632617955471
1400,43throw_195thcolumn,6.676767249837428,0.009884016959957198
1401,168throw_172thcolumn,6.673930539318277,0.009899671910375435
1402,6throw_132thcolumn,6.672887250679957,0.009905435904530115
1403,18throw_176thcolumn,6.671051324681109,0.009915587451747119
1404,90throw_104thcolumn,6.667260617175654,0.009936581541563518
1405,17throw_51thcolumn,6.666265864209305,0.009942098338692041
1406,57throw_150thcolumn,6.66254606685591,0.00996275582239832
1407,171throw_180thcolumn,6.662375318668181,0.009963705110405303
1408,120throw_131thcolumn,6.661555394021013,0.009968264839516386
1409,168throw_192thcolumn,6.658619061914479,0.009984611817747936
